dataset,variant,model,repeat,inner,inner_leak_rows,n_train,n_test,n_train_groups,n_test_groups,r2_cv,r2_test,rmse_test,mae_test,seconds,best
mol2desc,pca,nusvr,0,group,0,89,33,70,24,0.08048713568709447,0.13930354022796243,1.2408152263741903,0.8956355505169709,477.9325592999958,"{""C"": 1.0, ""kernel"": ""sigmoid"", ""n_components"": 21, ""nu"": 0.5}"
mol2desc,pca,nusvr,1,group,0,93,29,70,24,0.1841949602291944,0.2837331364005796,1.1210560519399282,0.7669283435183881,422.0436741000012,"{""C"": 0.1, ""kernel"": ""linear"", ""n_components"": 15, ""nu"": 0.5}"
mol2desc,pca,nusvr,2,group,0,95,27,70,24,0.1635138805462598,0.1129595520899469,1.539903911608022,1.1361519471985155,412.3093932999909,"{""C"": 1.0, ""kernel"": ""sigmoid"", ""n_components"": 17, ""nu"": 0.5}"
mol2desc,pca,nusvr,3,group,0,96,26,70,24,-0.13439153087465508,0.0004045784603323721,1.3026052002274224,0.8519333741949862,432.4463032000058,"{""C"": 1.0, ""kernel"": ""sigmoid"", ""n_components"": 22, ""nu"": 0.9}"
mol2desc,pca,nusvr,4,group,0,97,25,70,24,-0.05303549833509873,0.11855156184030657,1.5814856604447511,0.9916571724776364,428.2525236000074,"{""C"": 1.0, ""kernel"": ""linear"", ""n_components"": 17, ""nu"": 0.7}"
mol2desc,pca,nusvr,5,group,0,90,32,70,24,0.02637500826830681,0.274162458526796,0.9916483251201297,0.6457372201319163,401.0715740000014,"{""C"": 1.0, ""kernel"": ""sigmoid"", ""n_components"": 20, ""nu"": 0.7}"
mol2desc,pca,nusvr,6,group,0,92,30,70,24,0.08577020735288994,0.25915183962276434,1.0183204702543451,0.6717852586705465,378.45915660000173,"{""C"": 1.0, ""kernel"": ""sigmoid"", ""n_components"": 17, ""nu"": 0.5}"
mol2desc,pca,nusvr,7,group,0,92,30,70,24,0.03733547425315784,-0.13451375056390047,1.292016480378072,0.9371019877070926,385.7603453999909,"{""C"": 1.0, ""kernel"": ""sigmoid"", ""n_components"": 19, ""nu"": 0.5}"
mol2desc,pca,nusvr,8,group,0,93,29,70,24,0.1911721034059209,-0.015500777916111597,1.3701477611278585,0.8698751991085029,327.3565221000026,"{""C"": 0.1, ""kernel"": ""linear"", ""n_components"": 19, ""nu"": 0.3}"
mol2desc,pca,nusvr,9,group,0,89,33,70,24,0.1001474575157137,0.1580110841906247,1.0894080006798217,0.6898000054852375,312.23679059999995,"{""C"": 0.1, ""kernel"": ""linear"", ""n_components"": 22, ""nu"": 0.7}"
mol2desc,pca,svr,0,group,0,89,33,70,24,-0.08487659486097528,0.12422978140428764,1.2516335391718103,0.8511852155676254,21.86773089999042,"{""C"": 1.0, ""epsilon"": 0.1, ""n_components"": 15}"
mol2desc,pca,svr,1,group,0,93,29,70,24,0.011508861730942788,0.13118353597306875,1.2346785937108036,0.8292095661632298,24.216146500009927,"{""C"": 1.0, ""epsilon"": 0.1, ""n_components"": 17}"
mol2desc,pca,svr,2,group,0,95,27,70,24,-0.07789093545507372,-0.09587495862735618,1.7116005287154987,1.099269593751976,22.74790960000246,"{""C"": 1.0, ""epsilon"": 0.1, ""n_components"": 22}"
mol2desc,pca,svr,3,group,0,96,26,70,24,-0.19162894003922487,-0.2265695659102367,1.4429350098406213,0.9794773564525803,27.854987499988056,"{""C"": 0.1, ""epsilon"": 0.05, ""n_components"": 22}"
mol2desc,pca,svr,4,group,0,97,25,70,24,-0.0995126808378927,0.011029349336241223,1.67516852298472,1.2352982250549145,27.119528499999433,"{""C"": 1.0, ""epsilon"": 0.1, ""n_components"": 22}"
mol2desc,pca,svr,5,group,0,90,32,70,24,-0.02813514035237492,-0.00043513582550613883,1.1642129807314663,0.743681571345153,26.866237700000056,"{""C"": 1.0, ""epsilon"": 0.1, ""n_components"": 22}"
mol2desc,pca,svr,6,group,0,92,30,70,24,-0.13764425106036046,0.0006061210555929897,1.182737081675224,0.7812864238385776,25.539586300001247,"{""C"": 1.0, ""epsilon"": 0.1, ""n_components"": 17}"
mol2desc,pca,svr,7,group,0,92,30,70,24,-0.17052681618647803,-0.10867838406947516,1.2772207378637646,0.8802794398910593,25.903584899991984,"{""C"": 0.1, ""epsilon"": 0.1, ""n_components"": 20}"
mol2desc,pca,svr,8,group,0,93,29,70,24,0.0933258597225138,-0.18702039764376055,1.4813455122420096,0.965906819409614,25.99787359999027,"{""C"": 10.0, ""epsilon"": 0.05, ""n_components"": 15}"
mol2desc,pca,svr,9,group,0,89,33,70,24,0.0013932871974664085,-0.08977485354543169,1.2393836552068764,0.7562226614158134,25.9582262999902,"{""C"": 1.0, ""epsilon"": 0.1, ""n_components"": 20}"
mol2desc,pca,ridge,0,group,0,89,33,70,24,-0.1387989890017258,0.31104788699262753,1.1101371188743872,0.8443180710968796,29.002332399992156,"{""alpha"": 1000.0, ""n_components"": 17}"
mol2desc,pca,ridge,1,group,0,93,29,70,24,0.11035383404652477,0.22343029751160737,1.1672936389677748,0.8279949769278271,32.20345319999615,"{""alpha"": 1000.0, ""n_components"": 15}"
mol2desc,pca,ridge,2,group,0,95,27,70,24,-0.04303320126970274,0.0773708399386257,1.57049116894274,1.1620497640211862,30.560651699997834,"{""alpha"": 1000.0, ""n_components"": 17}"
mol2desc,pca,ridge,3,group,0,96,26,70,24,-0.47258854634469427,0.27127918245449256,1.1121958407987589,0.8025798168642766,32.07565400000021,"{""alpha"": 0.01, ""n_components"": 15}"
mol2desc,pca,ridge,4,group,0,97,25,70,24,-0.18201055654310325,0.13646489969229858,1.5653332115651601,0.9892173055658497,32.50630040001124,"{""alpha"": 1000.0, ""n_components"": 15}"
mol2desc,pca,ridge,5,group,0,90,32,70,24,-0.054469922677802284,0.19277982205217825,1.0457646901498643,0.7478870929033736,31.319264099991415,"{""alpha"": 1000.0, ""n_components"": 17}"
mol2desc,pca,ridge,6,group,0,92,30,70,24,-0.3555724628514763,0.10983805063831409,1.1162317815820892,0.8158565206096761,31.409605299995746,"{""alpha"": 1000.0, ""n_components"": 17}"
mol2desc,pca,ridge,7,group,0,92,30,70,24,-0.2953464141386247,-0.07093003964011668,1.2552889958526885,0.9390745509673423,30.457557200003066,"{""alpha"": 1000.0, ""n_components"": 19}"
mol2desc,pca,ridge,8,group,0,93,29,70,24,0.15089569522776275,0.035171798517151465,1.335525761685539,0.8598231615901972,31.887359300002572,"{""alpha"": 1000.0, ""n_components"": 19}"
mol2desc,pca,ridge,9,group,0,89,33,70,24,0.11128179334645376,0.11649706283379668,1.1159413548377668,0.7325904193950713,29.287286999999196,"{""alpha"": 1000.0, ""n_components"": 21}"
mol2desc,pca,enet,0,group,0,89,33,70,24,-0.038380753460522964,0.18457138122992622,1.2077445341506337,0.9385306963623677,56.27631850000762,"{""alpha"": 10.0, ""l1_ratio"": 0.5, ""n_components"": 17}"
mol2desc,pca,enet,1,group,0,93,29,70,24,0.153398017085837,0.18965228166907144,1.1924099857328347,0.8816092248281082,54.7766452000069,"{""alpha"": 10.0, ""l1_ratio"": 0.5, ""n_components"": 21}"
mol2desc,pca,enet,2,group,0,95,27,70,24,-0.035995480167006336,0.11434957530924561,1.5386968970825416,1.1160271990473631,50.930316500001936,"{""alpha"": 10.0, ""l1_ratio"": 0.15, ""n_components"": 17}"
mol2desc,pca,enet,3,group,0,96,26,70,24,-0.4725930123417374,0.2712794281067069,1.1121956533378086,0.8025813023954232,53.25411819999863,"{""alpha"": 0.001, ""l1_ratio"": 0.15, ""n_components"": 15}"
mol2desc,pca,enet,4,group,0,97,25,70,24,-0.08276928937871131,0.19814455792527486,1.5083941613872356,1.128997042302129,53.361261899990495,"{""alpha"": 10.0, ""l1_ratio"": 0.85, ""n_components"": 19}"
mol2desc,pca,enet,5,group,0,90,32,70,24,-0.02506848546293248,0.2378758619760355,1.0161336362331717,0.7301950668125686,52.00226500000281,"{""alpha"": 10.0, ""l1_ratio"": 0.15, ""n_components"": 15}"
mol2desc,pca,enet,6,group,0,92,30,70,24,-0.20488815314497755,0.11798092084662481,1.1111146157675136,0.8521141479163574,51.82255649998842,"{""alpha"": 10.0, ""l1_ratio"": 0.85, ""n_components"": 15}"
mol2desc,pca,enet,7,group,0,92,30,70,24,-0.19337297240815562,0.26880423013901256,1.0372417911943141,0.8664795325468914,51.47972229999141,"{""alpha"": 10.0, ""l1_ratio"": 0.85, ""n_components"": 17}"
mol2desc,pca,enet,8,group,0,93,29,70,24,0.16528947584983159,0.05045757713374366,1.3249041531014851,0.8992734294707199,52.62972399999853,"{""alpha"": 10.0, ""l1_ratio"": 0.5, ""n_components"": 22}"
mol2desc,pca,enet,9,group,0,89,33,70,24,0.12307634347238128,0.11959295771464962,1.1139844462456863,0.7531767721258803,51.25115860000369,"{""alpha"": 10.0, ""l1_ratio"": 0.15, ""n_components"": 21}"
mol2desc,pca,knn,0,group,0,89,33,70,24,-0.004170539858360756,0.31837504116626314,1.1042180654722216,0.7261693793878788,20.71472360000189,"{""n_components"": 17, ""n_neighbors"": 10, ""weights"": ""uniform""}"
mol2desc,pca,knn,1,group,0,93,29,70,24,0.05002670300955392,0.46158793518456886,0.9719575307809343,0.6908876789648615,23.482451800009585,"{""n_components"": 17, ""n_neighbors"": 10, ""weights"": ""distance""}"
mol2desc,pca,knn,2,group,0,95,27,70,24,0.11814068064942447,0.03007030730232152,1.610245290825701,1.1994997754370371,20.757089399994584,"{""n_components"": 20, ""n_neighbors"": 5, ""weights"": ""uniform""}"
mol2desc,pca,knn,3,group,0,96,26,70,24,-0.3689889045868021,0.14523179975219724,1.2045500692029971,0.8093291843191476,21.800984000001336,"{""n_components"": 22, ""n_neighbors"": 10, ""weights"": ""distance""}"
mol2desc,pca,knn,4,group,0,97,25,70,24,0.052101126780850014,0.0802542663075162,1.6154766799022984,1.1365179116311466,23.6156450999988,"{""n_components"": 22, ""n_neighbors"": 10, ""weights"": ""distance""}"
mol2desc,pca,knn,5,group,0,90,32,70,24,0.00030818213100149985,-0.1564693568953861,1.2517137822035498,0.8975432407604166,20.809968400004436,"{""n_components"": 20, ""n_neighbors"": 3, ""weights"": ""uniform""}"
mol2desc,pca,knn,6,group,0,92,30,70,24,-0.1483045616390251,0.14949653303547528,1.0910833156127908,0.725759882457787,20.957728499997756,"{""n_components"": 15, ""n_neighbors"": 10, ""weights"": ""distance""}"
mol2desc,pca,knn,7,group,0,92,30,70,24,-0.04948662835729767,0.10074443245685405,1.1502830996258617,0.8006638336766668,21.926599899990833,"{""n_components"": 17, ""n_neighbors"": 10, ""weights"": ""uniform""}"
mol2desc,pca,knn,8,group,0,93,29,70,24,0.13130192213421918,0.011605312505647447,1.3517378554915105,0.8704130561751382,20.959826699996484,"{""n_components"": 22, ""n_neighbors"": 5, ""weights"": ""distance""}"
mol2desc,pca,knn,9,group,0,89,33,70,24,0.13875949847700292,-0.15849680597708016,1.277864465704673,0.8144357138064097,22.11518239999714,"{""n_components"": 15, ""n_neighbors"": 5, ""weights"": ""distance""}"
mol2desc,pca,pls,0,group,0,89,33,70,24,-0.1409088260228548,0.3103591263719695,1.1106918945333133,0.8459291577733108,11.049749700003304,"{""n_components"": 17}"
mol2desc,pca,pls,1,group,0,93,29,70,24,0.10918084521307267,0.22345639383667815,1.1672740255769365,0.8276374479260119,11.447025699992082,"{""n_components"": 15}"
mol2desc,pca,pls,2,group,0,95,27,70,24,-0.04461777345201512,0.07534592725441225,1.5722136185881401,1.164729284662367,11.22421949999989,"{""n_components"": 17}"
mol2desc,pca,pls,3,group,0,96,26,70,24,-0.4725883516988153,0.27127914077004145,1.1121958726087962,0.8025798351363631,12.709378399988054,"{""n_components"": 15}"
mol2desc,pca,pls,4,group,0,97,25,70,24,-0.18330339136244977,0.13541618429469993,1.5662834282607523,0.98937545923356,11.995486699990579,"{""n_components"": 15}"
mol2desc,pca,pls,5,group,0,90,32,70,24,-0.05575434941606883,0.19210319328085224,1.0462028892179274,0.7481368851454906,11.324620300001698,"{""n_components"": 17}"
mol2desc,pca,pls,6,group,0,92,30,70,24,-0.3585289408250894,0.10790634186932657,1.1174422726605577,0.8176544121205339,11.127944799998659,"{""n_components"": 17}"
mol2desc,pca,pls,7,group,0,92,30,70,24,-0.2988852039507088,-0.08014115235270802,1.2606758333375951,0.9435228965623337,11.39104890001181,"{""n_components"": 19}"
mol2desc,pca,pls,8,group,0,93,29,70,24,0.15050266875835877,0.033876173278369004,1.336422170171172,0.8603876418984117,12.258298999993713,"{""n_components"": 19}"
mol2desc,pca,pls,9,group,0,89,33,70,24,0.11035199588658207,0.1140662678741956,1.1174754535077218,0.7333009187153162,10.960819400002947,"{""n_components"": 21}"
mol2desc,pca,rf,0,group,0,89,33,70,24,-0.024305810855015597,0.26930532023662157,1.1432733457680684,0.8583963795478917,26.601990499999374,"{""max_features"": 0.3, ""min_samples_leaf"": 3, ""n_components"": 17}"
mol2desc,pca,rf,1,group,0,93,29,70,24,0.09472407492492782,0.22763577250045264,1.1641286375587832,0.8960524129188276,29.051233199992566,"{""max_features"": ""sqrt"", ""min_samples_leaf"": 1, ""n_components"": 19}"
mol2desc,pca,rf,2,group,0,95,27,70,24,0.02695000133740153,0.04013871804217717,1.6018658665800776,1.1573864785398509,26.487690900001326,"{""max_features"": ""sqrt"", ""min_samples_leaf"": 3, ""n_components"": 17}"
mol2desc,pca,rf,3,group,0,96,26,70,24,-0.7692639291066538,0.23358880450619424,1.140595354879471,0.8057981237085794,29.56988179999462,"{""max_features"": ""sqrt"", ""min_samples_leaf"": 3, ""n_components"": 15}"
mol2desc,pca,rf,4,group,0,97,25,70,24,-0.03634281111144466,0.13728606223234374,1.5645887723865735,1.1261583628667196,27.06796719999693,"{""max_features"": 0.3, ""min_samples_leaf"": 1, ""n_components"": 17}"
mol2desc,pca,rf,5,group,0,90,32,70,24,0.08751196746426929,-0.19073056744565098,1.2701199001800405,0.8848046352992527,29.333063500002027,"{""max_features"": ""sqrt"", ""min_samples_leaf"": 3, ""n_components"": 15}"
mol2desc,pca,rf,6,group,0,92,30,70,24,-0.0062836308684965925,-0.1382137947970783,1.2622105127918226,0.9132532388579668,26.207597100001294,"{""max_features"": 1.0, ""min_samples_leaf"": 3, ""n_components"": 19}"
mol2desc,pca,rf,7,group,0,92,30,70,24,-0.18805082422484684,0.02367607972308816,1.198560983961359,0.8983157108141228,27.694626799988328,"{""max_features"": ""sqrt"", ""min_samples_leaf"": 3, ""n_components"": 15}"
mol2desc,pca,rf,8,group,0,93,29,70,24,0.055700117347232125,-0.0014963327267794035,1.3606673283188033,0.9740767419590391,26.615615000002435,"{""max_features"": 0.3, ""min_samples_leaf"": 3, ""n_components"": 17}"
mol2desc,pca,rf,9,group,0,89,33,70,24,0.04105274432490034,0.1724363766164818,1.0800355965044162,0.7489489454064854,27.39338670000143,"{""max_features"": ""sqrt"", ""min_samples_leaf"": 1, ""n_components"": 17}"
mol2desc,pca,et,0,group,0,89,33,70,24,0.015575776834148836,0.23622492079982482,1.1688663277488063,0.8697611168674614,24.78561790000822,"{""max_features"": 0.3, ""min_samples_leaf"": 3, ""n_components"": 15}"
mol2desc,pca,et,1,group,0,93,29,70,24,0.0922331519272579,0.22825296306225684,1.1636634212952146,0.9086378175563044,25.358508699995582,"{""max_features"": 0.3, ""min_samples_leaf"": 3, ""n_components"": 21}"
mol2desc,pca,et,2,group,0,95,27,70,24,0.05898226529969135,0.08218085874986814,1.5663920337027533,1.1211974618607408,26.558690999998362,"{""max_features"": 0.3, ""min_samples_leaf"": 3, ""n_components"": 20}"
mol2desc,pca,et,3,group,0,96,26,70,24,-0.5755060593138746,0.26067225255036186,1.120260908215837,0.8171554269134595,25.606415400005062,"{""max_features"": 1.0, ""min_samples_leaf"": 3, ""n_components"": 15}"
mol2desc,pca,et,4,group,0,97,25,70,24,-0.014691935318580129,0.17132742114924115,1.5334099825892813,1.1316076793811523,26.99306960000831,"{""max_features"": 1.0, ""min_samples_leaf"": 3, ""n_components"": 19}"
mol2desc,pca,et,5,group,0,90,32,70,24,0.10981439245060234,-0.025591749920809148,1.1787595616508817,0.8452583168942831,24.637464799990994,"{""max_features"": 1.0, ""min_samples_leaf"": 3, ""n_components"": 15}"
mol2desc,pca,et,6,group,0,92,30,70,24,0.045824289638577834,-0.040452351160187305,1.2067879599522855,0.8773083005062372,25.05311820001225,"{""max_features"": 1.0, ""min_samples_leaf"": 3, ""n_components"": 15}"
mol2desc,pca,et,7,group,0,92,30,70,24,-0.08873142154407235,0.09949081478320743,1.1510846031477162,0.9039866742715545,25.295438600005582,"{""max_features"": ""sqrt"", ""min_samples_leaf"": 3, ""n_components"": 22}"
mol2desc,pca,et,8,group,0,93,29,70,24,0.0813451976770693,0.07301572485277752,1.3090717738250766,0.921092061218564,24.746968500010553,"{""max_features"": 0.3, ""min_samples_leaf"": 3, ""n_components"": 17}"
mol2desc,pca,et,9,group,0,89,33,70,24,0.06508237580942078,0.15009425320208103,1.0945176168489001,0.740602072123014,26.02146200000425,"{""max_features"": 1.0, ""min_samples_leaf"": 3, ""n_components"": 15}"
mol2desc,pca,gbr,0,group,0,89,33,70,24,-0.16656234523698202,0.041381864972445226,1.3094982615424204,0.9687929051104368,29.873162600008072,"{""learning_rate"": 0.03, ""max_depth"": 2, ""n_components"": 17, ""n_estimators"": 200}"
mol2desc,pca,gbr,1,group,0,93,29,70,24,0.004726960723797258,0.048464834059040784,1.29211842423861,0.9374488884740653,32.732420899992576,"{""learning_rate"": 0.03, ""max_depth"": 2, ""n_components"": 17, ""n_estimators"": 200}"
mol2desc,pca,gbr,2,group,0,95,27,70,24,-0.202453552656603,0.06339769100711601,1.582338964080155,1.070405528454687,30.293731600002502,"{""learning_rate"": 0.1, ""max_depth"": 3, ""n_components"": 22, ""n_estimators"": 200}"
mol2desc,pca,gbr,3,group,0,96,26,70,24,-0.7756274702938144,0.10434394530116375,1.2330233799722061,0.9331654125170847,32.68327870000212,"{""learning_rate"": 0.03, ""max_depth"": 2, ""n_components"": 20, ""n_estimators"": 200}"
mol2desc,pca,gbr,4,group,0,97,25,70,24,-0.0482423201666516,0.11518365857858648,1.5845041084953335,1.0319771520498242,32.43416970000544,"{""learning_rate"": 0.03, ""max_depth"": 2, ""n_components"": 17, ""n_estimators"": 200}"
mol2desc,pca,gbr,5,group,0,90,32,70,24,-0.0733635943641596,-0.39688609485638726,1.3756833036989558,0.872031232853573,30.85795620000863,"{""learning_rate"": 0.03, ""max_depth"": 2, ""n_components"": 19, ""n_estimators"": 200}"
mol2desc,pca,gbr,6,group,0,92,30,70,24,-0.12501286034731515,-0.277231081623005,1.3370714326563897,0.905752308051084,32.39244349999353,"{""learning_rate"": 0.03, ""max_depth"": 3, ""n_components"": 19, ""n_estimators"": 200}"
mol2desc,pca,gbr,7,group,0,92,30,70,24,-0.2713225447786943,0.2105650699454723,1.0777582121006661,0.8609352083674602,29.973324499995215,"{""learning_rate"": 0.03, ""max_depth"": 2, ""n_components"": 17, ""n_estimators"": 200}"
mol2desc,pca,gbr,8,group,0,93,29,70,24,-0.11458882904082097,0.09207112055235689,1.2955470518309256,0.8412536350603462,32.19500409999455,"{""learning_rate"": 0.03, ""max_depth"": 2, ""n_components"": 22, ""n_estimators"": 200}"
mol2desc,pca,gbr,9,group,0,89,33,70,24,0.030565427171276482,-0.016331283724883683,1.1968921543061724,0.7405257490065132,29.45236739999382,"{""learning_rate"": 0.03, ""max_depth"": 2, ""n_components"": 15, ""n_estimators"": 200}"
mol2desc,pca,hgb,0,group,0,89,33,70,24,-0.07991129542105786,0.10328199321734732,1.266514164613563,0.9280308259770266,14.289550499990582,"{""learning_rate"": 0.03, ""max_leaf_nodes"": 15, ""n_components"": 19}"
mol2desc,pca,hgb,1,group,0,93,29,70,24,0.07651377126208443,0.15957835027666512,1.2143350019694428,0.9487785269742995,16.13097359999665,"{""learning_rate"": 0.03, ""max_leaf_nodes"": 15, ""n_components"": 21}"
mol2desc,pca,hgb,2,group,0,95,27,70,24,0.05191954363404305,0.10778922422239146,1.5443852404971834,1.1499142712345518,15.011213000005228,"{""learning_rate"": 0.03, ""max_leaf_nodes"": 15, ""n_components"": 15}"
mol2desc,pca,hgb,3,group,0,96,26,70,24,-0.7178066286677707,-0.08727852937065395,1.3585357910158162,1.0059744245710363,14.855031500002951,"{""learning_rate"": 0.03, ""max_leaf_nodes"": 15, ""n_components"": 21}"
mol2desc,pca,hgb,4,group,0,97,25,70,24,-0.07583366196392027,0.041937551495001446,1.6487837985444505,1.1561836585762322,14.828032899997197,"{""learning_rate"": 0.03, ""max_leaf_nodes"": 15, ""n_components"": 15}"
mol2desc,pca,hgb,5,group,0,90,32,70,24,0.041181301257450634,-0.2403244854550617,1.2963003190137297,0.8828196101237206,15.714088399996399,"{""learning_rate"": 0.03, ""max_leaf_nodes"": 15, ""n_components"": 15}"
mol2desc,pca,hgb,6,group,0,92,30,70,24,-0.03178304001001251,-0.006929994779808046,1.1871880313458207,0.9425959196432037,14.70724039999186,"{""learning_rate"": 0.03, ""max_leaf_nodes"": 15, ""n_components"": 21}"
mol2desc,pca,hgb,7,group,0,92,30,70,24,-0.07823862951929253,-0.009228209596878978,1.218590707360699,0.9319035065995394,14.184828900004504,"{""learning_rate"": 0.03, ""max_leaf_nodes"": 15, ""n_components"": 15}"
mol2desc,pca,hgb,8,group,0,93,29,70,24,-0.040708407478696904,0.07861449059422343,1.305112544644206,0.8863279268489024,14.623715199995786,"{""learning_rate"": 0.03, ""max_leaf_nodes"": 15, ""n_components"": 15}"
mol2desc,pca,hgb,9,group,0,89,33,70,24,-0.10394486988140557,-0.06961695123212941,1.2278675209826204,0.8464420658159598,15.613444500006153,"{""learning_rate"": 0.03, ""max_leaf_nodes"": 15, ""n_components"": 20}"
mol2desc,pca,xgb,0,group,0,89,33,70,24,-0.13448748337411,0.2898555679794813,1.12708183140119,0.8428295944213645,32.36806239999714,"{""learning_rate"": 0.03, ""max_depth"": 2, ""n_components"": 15, ""n_estimators"": 200}"
mol2desc,pca,xgb,1,group,0,93,29,70,24,0.05155879934129903,0.22847337685540103,1.1634972361513718,0.8520726937030493,31.961525199993048,"{""learning_rate"": 0.03, ""max_depth"": 2, ""n_components"": 20, ""n_estimators"": 200}"
mol2desc,pca,xgb,2,group,0,95,27,70,24,-0.15183410785304668,0.06348561680069875,1.58226468939964,1.1705263393781284,29.945742099997005,"{""learning_rate"": 0.03, ""max_depth"": 2, ""n_components"": 17, ""n_estimators"": 200}"
mol2desc,pca,xgb,3,group,0,96,26,70,24,-0.5838123886030162,0.26429742206962925,1.1175110275106748,0.8591006020362831,31.999100699991686,"{""learning_rate"": 0.03, ""max_depth"": 2, ""n_components"": 20, ""n_estimators"": 200}"
mol2desc,pca,xgb,4,group,0,97,25,70,24,-0.04429176613498429,0.1051555903835979,1.5934578014133132,1.1201510680980178,31.295301799997105,"{""learning_rate"": 0.03, ""max_depth"": 2, ""n_components"": 17, ""n_estimators"": 200}"
mol2desc,pca,xgb,5,group,0,90,32,70,24,-0.09466536684340136,-0.25680910289375336,1.3048861695102938,0.8996269863116912,30.682527500001015,"{""learning_rate"": 0.03, ""max_depth"": 2, ""n_components"": 21, ""n_estimators"": 200}"
mol2desc,pca,xgb,6,group,0,92,30,70,24,-0.11714407645335838,-0.06044147209562256,1.2183251867701415,0.9418311215015381,31.872705600006157,"{""learning_rate"": 0.03, ""max_depth"": 2, ""n_components"": 15, ""n_estimators"": 200}"
mol2desc,pca,xgb,7,group,0,92,30,70,24,-0.21239480176178457,-0.18321922916771594,1.3194586386996017,1.01598198298313,30.431186799993156,"{""learning_rate"": 0.03, ""max_depth"": 2, ""n_components"": 19, ""n_estimators"": 200}"
mol2desc,pca,xgb,8,group,0,93,29,70,24,-0.01907906630831848,-0.032534645104209,1.3815913054895668,0.9183846018390271,33.068577600002754,"{""learning_rate"": 0.03, ""max_depth"": 2, ""n_components"": 17, ""n_estimators"": 200}"
mol2desc,pca,xgb,9,group,0,89,33,70,24,0.000949643272076628,0.03454465743131985,1.1665502963377696,0.7481007247090287,30.37260960000276,"{""learning_rate"": 0.03, ""max_depth"": 4, ""n_components"": 15, ""n_estimators"": 200}"
mol2desc,pca,lgbm,0,group,0,89,33,70,24,-0.0886772898158015,-0.011925863538767567,1.3454155842388327,1.0358950137956613,29.543392200008384,"{""learning_rate"": 0.03, ""n_components"": 15, ""n_estimators"": 200, ""num_leaves"": 15}"
mol2desc,pca,lgbm,1,group,0,93,29,70,24,0.06360804787188379,0.11507721663864412,1.2460704178908646,0.9687016930439347,29.868426900007762,"{""learning_rate"": 0.03, ""n_components"": 19, ""n_estimators"": 200, ""num_leaves"": 15}"
mol2desc,pca,lgbm,2,group,0,95,27,70,24,-0.006474622443038936,0.05615802236801182,1.5884427061176716,1.1835046964222669,30.289116400002968,"{""learning_rate"": 0.03, ""n_components"": 15, ""n_estimators"": 200, ""num_leaves"": 15}"
mol2desc,pca,lgbm,3,group,0,96,26,70,24,-0.5105675369208026,-0.22842174342529242,1.44402404860738,1.0556574693099336,29.545867299995734,"{""learning_rate"": 0.03, ""n_components"": 21, ""n_estimators"": 200, ""num_leaves"": 15}"
mol2desc,pca,lgbm,4,group,0,97,25,70,24,-0.11634192080715153,0.04520089674259842,1.6459733656756508,1.2079896837209292,31.76417229999788,"{""learning_rate"": 0.03, ""n_components"": 15, ""n_estimators"": 200, ""num_leaves"": 15}"
mol2desc,pca,lgbm,5,group,0,90,32,70,24,0.014401864419053622,-0.10547281762358685,1.2238043805061727,0.8442128108839655,28.50324420000834,"{""learning_rate"": 0.03, ""n_components"": 15, ""n_estimators"": 200, ""num_leaves"": 15}"
mol2desc,pca,lgbm,6,group,0,92,30,70,24,-0.09020795661918764,-0.16123780471097526,1.2749127185338711,1.0752816252091746,29.890117000002647,"{""learning_rate"": 0.03, ""n_components"": 19, ""n_estimators"": 200, ""num_leaves"": 15}"
mol2desc,pca,lgbm,7,group,0,92,30,70,24,-0.20484640237526525,-0.13055476817337142,1.2897602095029743,1.0205733420745267,28.54708400000527,"{""learning_rate"": 0.03, ""n_components"": 21, ""n_estimators"": 200, ""num_leaves"": 15}"
mol2desc,pca,lgbm,8,group,0,93,29,70,24,-0.037443174609003836,0.06854507543178412,1.3122246653385055,0.8041014122488496,30.40483040000254,"{""learning_rate"": 0.03, ""n_components"": 19, ""n_estimators"": 200, ""num_leaves"": 15}"
mol2desc,pca,lgbm,9,group,0,89,33,70,24,-0.15242283879616478,-0.10460600842853429,1.2477887733462072,0.828297550732484,28.335768200005987,"{""learning_rate"": 0.03, ""n_components"": 20, ""n_estimators"": 200, ""num_leaves"": 15}"
mol2desc,raw,nusvr,0,group,0,89,33,70,24,0.05159407103252937,0.23673479263025232,1.1684761137142907,0.8103884478037112,56.80954450000718,"{""C"": 1.0, ""kernel"": ""sigmoid"", ""nu"": 0.5}"
mol2desc,raw,nusvr,1,group,0,93,29,70,24,0.10365512486735928,0.2642158034508425,1.1362270528684046,0.8034268770400574,60.784392300003674,"{""C"": 1.0, ""kernel"": ""sigmoid"", ""nu"": 0.5}"
mol2desc,raw,nusvr,2,group,0,95,27,70,24,0.10863380446199797,0.01006003962760782,1.6267706868468323,1.0579402302867875,59.47878850001143,"{""C"": 1.0, ""kernel"": ""sigmoid"", ""nu"": 0.5}"
mol2desc,raw,nusvr,3,group,0,96,26,70,24,-0.16069044303400623,0.1842093714768469,1.176765790160094,0.8608968542328882,63.0339682999911,"{""C"": 1.0, ""kernel"": ""sigmoid"", ""nu"": 0.9}"
mol2desc,raw,nusvr,4,group,0,97,25,70,24,-0.08858680824003365,0.07286968354504986,1.6219489966007739,1.0894545979170975,63.04539980000118,"{""C"": 0.1, ""kernel"": ""poly"", ""nu"": 0.5}"
mol2desc,raw,nusvr,5,group,0,90,32,70,24,0.05685778526608769,0.1312325010997324,1.0849001067848238,0.7145736628063118,58.337192000006326,"{""C"": 1.0, ""kernel"": ""sigmoid"", ""nu"": 0.9}"
mol2desc,raw,nusvr,6,group,0,92,30,70,24,0.06078771614228264,0.18657018216177434,1.067038070521579,0.7194988520793864,57.886012000002665,"{""C"": 1.0, ""kernel"": ""sigmoid"", ""nu"": 0.5}"
mol2desc,raw,nusvr,7,group,0,92,30,70,24,0.029636635951270862,-0.017527257803620522,1.2235907843836782,0.8959196769882606,58.95139479999489,"{""C"": 1.0, ""kernel"": ""sigmoid"", ""nu"": 0.9}"
mol2desc,raw,nusvr,8,group,0,93,29,70,24,0.06840093694404545,0.07941661423932611,1.3045443299502855,0.7709856881050949,60.14957389999472,"{""C"": 1.0, ""kernel"": ""sigmoid"", ""nu"": 0.5}"
mol2desc,raw,nusvr,9,group,0,89,33,70,24,0.0858864807839537,0.125490593800741,1.1102470190870464,0.7076247884326722,57.855116200007615,"{""C"": 1.0, ""kernel"": ""sigmoid"", ""nu"": 0.5}"
mol2desc,raw,svr,0,group,0,89,33,70,24,-0.030353888900504545,0.02564605906919637,1.3202022813911676,0.9012064632139083,5.420905299994047,"{""C"": 1.0, ""epsilon"": 0.1}"
mol2desc,raw,svr,1,group,0,93,29,70,24,-0.006703948222261969,0.18075478917880972,1.19893835305699,0.8657364047109574,5.806076699998812,"{""C"": 10.0, ""epsilon"": 0.1}"
mol2desc,raw,svr,2,group,0,95,27,70,24,-0.02797477588795354,-0.0888931414608487,1.7061395150204277,1.1359809758927382,5.69883770000888,"{""C"": 1.0, ""epsilon"": 0.1}"
mol2desc,raw,svr,3,group,0,96,26,70,24,-0.21164128250246944,-0.21837256153057805,1.4381054542860194,0.9740625317867079,6.023861100009526,"{""C"": 0.1, ""epsilon"": 0.05}"
mol2desc,raw,svr,4,group,0,97,25,70,24,-0.10241156612518942,-0.08276749303453834,1.7528082416637432,1.2913204701547931,6.055000699998345,"{""C"": 1.0, ""epsilon"": 0.05}"
mol2desc,raw,svr,5,group,0,90,32,70,24,0.007542222777267349,-0.037251397766294714,1.1854411087798244,0.79360116846103,5.537896299996646,"{""C"": 1.0, ""epsilon"": 0.1}"
mol2desc,raw,svr,6,group,0,92,30,70,24,-0.10307611747467241,-0.0005946975672159738,1.1834474254018195,0.7826852972044475,5.394350399990799,"{""C"": 1.0, ""epsilon"": 0.1}"
mol2desc,raw,svr,7,group,0,92,30,70,24,-0.16936357497620877,-0.11311186135605444,1.2797719193211095,0.8836436679647723,5.301361999998335,"{""C"": 0.1, ""epsilon"": 0.1}"
mol2desc,raw,svr,8,group,0,93,29,70,24,-0.0187343302977226,0.01941091849590637,1.3463897657308819,0.8803772363294143,5.44592620000185,"{""C"": 1.0, ""epsilon"": 0.1}"
mol2desc,raw,svr,9,group,0,89,33,70,24,-0.01651054383369126,0.019002635525109834,1.1759024455077902,0.7536815913392937,5.3054077999986475,"{""C"": 1.0, ""epsilon"": 0.1}"
mol2desc,raw,ridge,0,group,0,89,33,70,24,-0.6990912907540796,-0.5958686382100078,1.6895874536428026,1.081758595587698,3.9064641000004485,"{""alpha"": 1000.0}"
mol2desc,raw,ridge,1,group,0,93,29,70,24,-0.6898483618911133,0.3717935830951643,1.049883430514427,0.7468309122926655,4.170383199991193,"{""alpha"": 1000.0}"
mol2desc,raw,ridge,2,group,0,95,27,70,24,-0.4710169302468268,-0.12854698076329418,1.736927663099359,1.2165076089597349,4.086983000001055,"{""alpha"": 1000.0}"
mol2desc,raw,ridge,3,group,0,96,26,70,24,-2.2242571195502228,-0.8780452882418825,1.7854747340013701,1.1540300151444185,4.164881899996544,"{""alpha"": 1000.0}"
mol2desc,raw,ridge,4,group,0,97,25,70,24,-0.720766021327157,-0.022436583448292247,1.703275864104397,1.2170835332817287,4.157483700008015,"{""alpha"": 1000.0}"
mol2desc,raw,ridge,5,group,0,90,32,70,24,-0.20384682130580453,-1.2013480617733006,1.7269601930783975,1.1979034149445762,3.983602099993732,"{""alpha"": 1000.0}"
mol2desc,raw,ridge,6,group,0,92,30,70,24,-1.1504055345773518,-0.6904379835095429,1.5382236770180575,1.10429544090153,4.020325299992692,"{""alpha"": 1000.0}"
mol2desc,raw,ridge,7,group,0,92,30,70,24,-0.862846850638452,-1.6565977209706846,1.9770883144693634,1.2459728461014359,3.715390400000615,"{""alpha"": 1000.0}"
mol2desc,raw,ridge,8,group,0,93,29,70,24,-0.39394625325919497,-0.07715156182341087,1.4111256396946106,1.0230603922642947,3.81761070000357,"{""alpha"": 1000.0}"
mol2desc,raw,ridge,9,group,0,89,33,70,24,-0.3997500404234434,-1.8150996024093389,1.9919767081189674,1.058234758134847,3.6459306000033394,"{""alpha"": 1000.0}"
mol2desc,raw,enet,0,group,0,89,33,70,24,0.054960056077635655,0.10048206920362401,1.2684899137222556,0.924972946490227,701.187579800011,"{""alpha"": 1.0, ""l1_ratio"": 0.5}"
mol2desc,raw,enet,1,group,0,93,29,70,24,0.06270641205845522,0.3364135303908611,1.079042768779922,0.7534810191749476,625.0394053000055,"{""alpha"": 1.0, ""l1_ratio"": 0.15}"
mol2desc,raw,enet,2,group,0,95,27,70,24,-0.031583337383935796,-0.07407954145582529,1.6944943792767746,1.2061443419686777,809.5583352999965,"{""alpha"": 1.0, ""l1_ratio"": 0.5}"
mol2desc,raw,enet,3,group,0,96,26,70,24,-0.47660498579974336,0.1941582167470799,1.169568248413686,0.8070684867732403,696.9427839999989,"{""alpha"": 1.0, ""l1_ratio"": 0.15}"
mol2desc,raw,enet,4,group,0,97,25,70,24,-0.11828911577343777,-0.08507376633603303,1.7546739721084779,1.2921764203026174,711.5627845999988,"{""alpha"": 1.0, ""l1_ratio"": 0.85}"
mol2desc,raw,enet,5,group,0,90,32,70,24,-0.003274675316097131,-0.045495346392367964,1.1901426566956956,0.9621022222132491,514.2251346999983,"{""alpha"": 1.0, ""l1_ratio"": 0.5}"
mol2desc,raw,enet,6,group,0,92,30,70,24,-0.20786729671239107,0.15208394399226388,1.0894223986327671,0.835339766660254,560.2249787000037,"{""alpha"": 1.0, ""l1_ratio"": 0.5}"
mol2desc,raw,enet,7,group,0,92,30,70,24,-0.0038432883651834614,0.05832891539275331,1.177098452765649,0.8824606605302816,422.5034517000022,"{""alpha"": 1.0, ""l1_ratio"": 0.15}"
mol2desc,raw,enet,8,group,0,93,29,70,24,0.1628282071601145,0.23804474793475583,1.1868395456838565,0.8504081931953124,755.9309856000036,"{""alpha"": 1.0, ""l1_ratio"": 0.15}"
mol2desc,raw,enet,9,group,0,89,33,70,24,-0.022586962056534033,0.06645145009579789,1.147112012244806,0.8479641150661916,585.2615025999985,"{""alpha"": 1.0, ""l1_ratio"": 0.5}"
mol2desc,raw,knn,0,group,0,89,33,70,24,-0.10495145809194542,0.19627957804976415,1.1990425848688697,0.8291941555272727,4.512273100001039,"{""n_neighbors"": 10, ""weights"": ""uniform""}"
mol2desc,raw,knn,1,group,0,93,29,70,24,-0.0855831498490383,0.2782671698122382,1.125325416689071,0.733034160128354,4.684431900008349,"{""n_neighbors"": 10, ""weights"": ""distance""}"
mol2desc,raw,knn,2,group,0,95,27,70,24,0.04553018470527277,-0.05908668769851677,1.6826262696480092,1.1999539011629627,4.515731100007542,"{""n_neighbors"": 5, ""weights"": ""uniform""}"
mol2desc,raw,knn,3,group,0,96,26,70,24,-0.26708464331755943,0.020035795273504964,1.2897507370218186,0.9226823419153847,4.618539999995846,"{""n_neighbors"": 10, ""weights"": ""uniform""}"
mol2desc,raw,knn,4,group,0,97,25,70,24,-0.08103224990245876,0.02400937043204332,1.6641391055730632,1.1978391809920457,4.538886400012416,"{""n_neighbors"": 10, ""weights"": ""distance""}"
mol2desc,raw,knn,5,group,0,90,32,70,24,-0.020773143289344966,-0.14730848040649347,1.2467462515047965,0.9279174414479165,4.492410199993174,"{""n_neighbors"": 3, ""weights"": ""uniform""}"
mol2desc,raw,knn,6,group,0,92,30,70,24,-0.16553804375056916,0.046224416434120785,1.1554282209402449,0.7927230068253605,4.357049600002938,"{""n_neighbors"": 10, ""weights"": ""distance""}"
mol2desc,raw,knn,7,group,0,92,30,70,24,-0.05963843160300593,0.06138055876103876,1.1751896123756722,0.8023753347566667,4.246948200001498,"{""n_neighbors"": 10, ""weights"": ""uniform""}"
mol2desc,raw,knn,8,group,0,93,29,70,24,0.04521355654189805,-0.055414605880744094,1.396814791156952,0.8950744820101281,4.336320499991416,"{""n_neighbors"": 5, ""weights"": ""distance""}"
mol2desc,raw,knn,9,group,0,89,33,70,24,0.04951496764432366,0.12911106042588605,1.1079464256457703,0.7117076024308988,4.100193100006436,"{""n_neighbors"": 10, ""weights"": ""distance""}"
mol2desc,raw,pls,0,group,0,89,33,70,24,-0.3513289699297378,-0.04405947614123429,1.3666104132363004,0.9141462941983138,3.2535392999998294,"{""n_components"": 5}"
mol2desc,raw,pls,1,group,0,93,29,70,24,0.04285271762621066,0.4027288217940561,1.0237070084378215,0.7286518033477207,3.2660534999886295,"{""n_components"": 2}"
mol2desc,raw,pls,2,group,0,95,27,70,24,-0.26366942969996376,0.042372940511681056,1.6000004877856686,1.1450597515179572,3.1658129999996163,"{""n_components"": 5}"
mol2desc,raw,pls,3,group,0,96,26,70,24,-0.6689635618746246,0.2186374111817666,1.1516671660404825,0.825449060480429,3.3884848000016063,"{""n_components"": 2}"
mol2desc,raw,pls,4,group,0,97,25,70,24,-0.32846274683965576,-0.014919174396418988,1.697002690729942,1.1690494430588882,3.4949638999969466,"{""n_components"": 5}"
mol2desc,raw,pls,5,group,0,90,32,70,24,-0.13591593842996097,-0.6276927452210646,1.484992236483617,1.0184596088404583,3.3407543000066653,"{""n_components"": 5}"
mol2desc,raw,pls,6,group,0,92,30,70,24,-0.5147419429604352,0.02476195360076061,1.1683559874985938,0.8327684123491763,3.2384401000017533,"{""n_components"": 2}"
mol2desc,raw,pls,7,group,0,92,30,70,24,-0.3755698099578909,-0.2201593155925754,1.3398970820944045,0.9594269668891031,3.2001162999949884,"{""n_components"": 2}"
mol2desc,raw,pls,8,group,0,93,29,70,24,0.05661696000052765,0.04426827457617699,1.3292151312953984,0.8423506309256278,3.2920991999999387,"{""n_components"": 2}"
mol2desc,raw,pls,9,group,0,89,33,70,24,0.028254790973567,-0.11651858716268015,1.2544990937977454,0.831115031753983,3.3332924999995157,"{""n_components"": 5}"
mol2desc,raw,rf,0,group,0,89,33,70,24,-0.018518482202037223,0.3545236147269335,1.074539253163263,0.7468042892264588,204.0884347000101,"{""max_features"": ""sqrt"", ""min_samples_leaf"": 3}"
mol2desc,raw,rf,1,group,0,93,29,70,24,0.10329756950112923,0.39520754383648815,1.0301324789442516,0.7015125308809246,208.03907210000034,"{""max_features"": ""sqrt"", ""min_samples_leaf"": 3}"
mol2desc,raw,rf,2,group,0,95,27,70,24,0.06599426310372661,0.05724884740650216,1.5875245365283335,1.1473790578804592,205.40173399999912,"{""max_features"": ""sqrt"", ""min_samples_leaf"": 3}"
mol2desc,raw,rf,3,group,0,96,26,70,24,-0.4010906646036888,0.21284317289714827,1.155929405283033,0.8093551202977285,221.50851590000093,"{""max_features"": ""sqrt"", ""min_samples_leaf"": 3}"
mol2desc,raw,rf,4,group,0,97,25,70,24,-0.19668175879664077,0.22864607999660502,1.4794273651580512,1.0943363650014062,220.80368080000335,"{""max_features"": ""sqrt"", ""min_samples_leaf"": 3}"
mol2desc,raw,rf,5,group,0,90,32,70,24,0.04171349842838923,0.32704033405557253,0.9548441397083075,0.7329963205827459,191.15157459999318,"{""max_features"": ""sqrt"", ""min_samples_leaf"": 3}"
mol2desc,raw,rf,6,group,0,92,30,70,24,-0.2993387028656406,0.2719799835572434,1.009465615810293,0.7577238025197109,193.2144210999977,"{""max_features"": ""sqrt"", ""min_samples_leaf"": 3}"
mol2desc,raw,rf,7,group,0,92,30,70,24,-0.07862607378229367,0.028570260112101287,1.1955530972557267,0.8930004606617821,255.98382409999613,"{""max_features"": 1.0, ""min_samples_leaf"": 3}"
mol2desc,raw,rf,8,group,0,93,29,70,24,0.0965489581872474,0.14431455797221493,1.2577210998925734,0.9547868580213105,200.35524910000095,"{""max_features"": ""sqrt"", ""min_samples_leaf"": 1}"
mol2desc,raw,rf,9,group,0,89,33,70,24,0.11304937482963336,0.3391005546712117,0.9651727835539471,0.7270263232898121,194.51587589998962,"{""max_features"": ""sqrt"", ""min_samples_leaf"": 3}"
mol2desc,raw,et,0,group,0,89,33,70,24,0.17777879050149487,-0.127141291054353,1.4199442249992866,0.9609860197897819,357.58630619999894,"{""max_features"": 1.0, ""min_samples_leaf"": 3}"
mol2desc,raw,et,1,group,0,93,29,70,24,0.07643204293329071,0.5190784745584224,0.9186011938607281,0.6218006915207923,362.1657980000018,"{""max_features"": ""sqrt"", ""min_samples_leaf"": 3}"
mol2desc,raw,et,2,group,0,95,27,70,24,-0.0383209585693421,0.153780570445039,1.5040539228889085,1.1253375102521985,364.9174534000049,"{""max_features"": ""sqrt"", ""min_samples_leaf"": 3}"
mol2desc,raw,et,3,group,0,96,26,70,24,-0.3131275512557794,0.034340714554215834,1.280302633865776,0.8091228242544044,406.5415115999931,"{""max_features"": 0.3, ""min_samples_leaf"": 3}"
mol2desc,raw,et,4,group,0,97,25,70,24,-0.30483821030163216,0.23660223622426735,1.4717777866466628,1.0872375930138565,311.7168980999995,"{""max_features"": ""sqrt"", ""min_samples_leaf"": 3}"
mol2desc,raw,et,5,group,0,90,32,70,24,0.026982023827626312,0.4377145005905907,0.8728033634064389,0.6987116864760138,311.2802801000071,"{""max_features"": ""sqrt"", ""min_samples_leaf"": 3}"
mol2desc,raw,et,6,group,0,92,30,70,24,-0.3113160760144621,0.32491044399860347,0.9720767710541878,0.7398084999823096,315.2501723000023,"{""max_features"": ""sqrt"", ""min_samples_leaf"": 3}"
mol2desc,raw,et,7,group,0,92,30,70,24,-0.033814447715737425,0.13574318926417217,1.127676620897615,0.8570170857157327,570.9112783999881,"{""max_features"": 1.0, ""min_samples_leaf"": 1}"
mol2desc,raw,et,8,group,0,93,29,70,24,0.1374747798146324,0.21893375489864786,1.2016312382335548,0.9039033481837621,335.0673136999976,"{""max_features"": ""sqrt"", ""min_samples_leaf"": 3}"
mol2desc,raw,et,9,group,0,89,33,70,24,0.08795897858198432,0.22580790322781774,1.0446281867590514,0.7355892380848522,347.0060172999947,"{""max_features"": ""sqrt"", ""min_samples_leaf"": 3}"
mol2desc,raw,gbr,0,group,0,89,33,70,24,-0.026913258512147386,0.12205058939233626,1.2531898007971025,0.8431416722332704,299.0579579000041,"{""learning_rate"": 0.03, ""max_depth"": 2, ""n_estimators"": 200}"
mol2desc,raw,gbr,1,group,0,93,29,70,24,-0.21726434280174395,0.25597174672460776,1.1425747210687338,0.7734385270023691,300.39692650000507,"{""learning_rate"": 0.03, ""max_depth"": 2, ""n_estimators"": 200}"
mol2desc,raw,gbr,2,group,0,95,27,70,24,-0.28156260214441,0.04801264907343128,1.595282126342607,1.1438040202191604,335.394497900008,"{""learning_rate"": 0.03, ""max_depth"": 3, ""n_estimators"": 500}"
mol2desc,raw,gbr,3,group,0,96,26,70,24,-1.2431415212684718,0.04956894579269355,1.2701674745004132,0.8163271273094816,280.73822010000004,"{""learning_rate"": 0.1, ""max_depth"": 2, ""n_estimators"": 200}"
mol2desc,raw,gbr,4,group,0,97,25,70,24,-0.6669737775419086,0.13671352675523185,1.5651078517528865,1.0953552052616145,315.62972830000217,"{""learning_rate"": 0.1, ""max_depth"": 3, ""n_estimators"": 200}"
mol2desc,raw,gbr,5,group,0,90,32,70,24,-0.05655273724170782,0.200204410630466,1.0409442526734742,0.7251506421980494,323.5280521999957,"{""learning_rate"": 0.03, ""max_depth"": 3, ""n_estimators"": 200}"
mol2desc,raw,gbr,6,group,0,92,30,70,24,-0.31417087496746837,-0.005335557618647346,1.1862477243475793,0.8671126079077914,285.86679970000114,"{""learning_rate"": 0.03, ""max_depth"": 2, ""n_estimators"": 200}"
mol2desc,raw,gbr,7,group,0,92,30,70,24,0.057353965665238496,0.2207894602313405,1.0707561574011792,0.8218389464346038,291.65044950001175,"{""learning_rate"": 0.03, ""max_depth"": 2, ""n_estimators"": 200}"
mol2desc,raw,gbr,8,group,0,93,29,70,24,-0.0805317217503222,0.2179828831479924,1.2023624500019159,0.8363656267370172,310.6844592999987,"{""learning_rate"": 0.03, ""max_depth"": 2, ""n_estimators"": 200}"
mol2desc,raw,gbr,9,group,0,89,33,70,24,-0.2070412855531482,0.3058988272219252,0.9891194966064153,0.7189878263293302,324.6318358999997,"{""learning_rate"": 0.1, ""max_depth"": 2, ""n_estimators"": 500}"
mol2desc,raw,hgb,0,group,0,89,33,70,24,0.03738013750238269,0.25769667015784203,1.1523192319754536,0.812467221229157,174.42077830000198,"{""learning_rate"": 0.03, ""max_leaf_nodes"": 15}"
mol2desc,raw,hgb,1,group,0,93,29,70,24,0.09670731206525965,0.38049226096234434,1.0425893049481147,0.7582717222231922,155.33045229999698,"{""learning_rate"": 0.03, ""max_leaf_nodes"": 15}"
mol2desc,raw,hgb,2,group,0,95,27,70,24,-0.07713761936765606,0.024725156209003174,1.6146761165827805,1.1823531865616619,157.10110410000198,"{""learning_rate"": 0.03, ""max_leaf_nodes"": 15}"
mol2desc,raw,hgb,3,group,0,96,26,70,24,-0.9168321374512513,0.09012904340615058,1.2427694811891508,0.9214767821187764,169.40390890001436,"{""learning_rate"": 0.03, ""max_leaf_nodes"": 15}"
mol2desc,raw,hgb,4,group,0,97,25,70,24,-0.12649639246423644,0.09525395351152355,1.6022495164375135,1.2140290458052931,176.5128146000061,"{""learning_rate"": 0.03, ""max_leaf_nodes"": 15}"
mol2desc,raw,hgb,5,group,0,90,32,70,24,0.06546119946652125,0.19249258645826706,1.0459507324054158,0.81544221356136,155.1101966999995,"{""learning_rate"": 0.03, ""max_leaf_nodes"": 15}"
mol2desc,raw,hgb,6,group,0,92,30,70,24,-0.429908832566608,0.26618867861466655,1.0134727466613356,0.7827487255108578,141.02703840000322,"{""learning_rate"": 0.03, ""max_leaf_nodes"": 15}"
mol2desc,raw,hgb,7,group,0,92,30,70,24,-0.010386439579112627,0.03766448837924952,1.1899437367927164,0.8781085588852875,152.8796502000041,"{""learning_rate"": 0.03, ""max_leaf_nodes"": 15}"
mol2desc,raw,hgb,8,group,0,93,29,70,24,0.10963836018997733,0.27613507559458217,1.1567940380390587,0.8559695099992709,146.6538933999982,"{""learning_rate"": 0.03, ""max_leaf_nodes"": 15}"
mol2desc,raw,hgb,9,group,0,89,33,70,24,-0.028205130330423867,0.3116241233366974,0.9850316716114083,0.7374146848389086,151.79668559999845,"{""learning_rate"": 0.03, ""max_leaf_nodes"": 15}"
mol2desc,raw,xgb,0,group,0,89,33,70,24,-0.08964181386283414,0.2574807278968769,1.1524868294493775,0.786605024844956,98.77216889998817,"{""learning_rate"": 0.03, ""max_depth"": 2, ""n_estimators"": 200}"
mol2desc,raw,xgb,1,group,0,93,29,70,24,-0.02831492193649703,0.4706311787343679,0.9637603983842054,0.7048652667686724,116.95388719999755,"{""learning_rate"": 0.03, ""max_depth"": 4, ""n_estimators"": 200}"
mol2desc,raw,xgb,2,group,0,95,27,70,24,-0.10749577517777346,0.020746249347080026,1.61796652567533,1.1470876670847983,106.60543690000486,"{""learning_rate"": 0.03, ""max_depth"": 2, ""n_estimators"": 200}"
mol2desc,raw,xgb,3,group,0,96,26,70,24,-0.7656235285117715,0.24527498973766104,1.1318660914665926,0.8383253318703896,114.21605849999469,"{""learning_rate"": 0.03, ""max_depth"": 2, ""n_estimators"": 200}"
mol2desc,raw,xgb,4,group,0,97,25,70,24,-0.351207686780581,0.18406217992929919,1.5215819022297787,1.1111788535518459,111.65070450000349,"{""learning_rate"": 0.03, ""max_depth"": 4, ""n_estimators"": 200}"
mol2desc,raw,xgb,5,group,0,90,32,70,24,-0.0015267322848528941,0.1587558231817311,1.0675764986641667,0.8173195241149139,100.64247580000665,"{""learning_rate"": 0.03, ""max_depth"": 4, ""n_estimators"": 200}"
mol2desc,raw,xgb,6,group,0,92,30,70,24,-0.3970816576755478,-0.07014296868817094,1.2238854500790497,0.9219270352415364,106.00037989999691,"{""learning_rate"": 0.03, ""max_depth"": 2, ""n_estimators"": 200}"
mol2desc,raw,xgb,7,group,0,92,30,70,24,0.052129014784611225,-0.0006044591886802397,1.2133731720019645,0.883988963125244,103.73876189999282,"{""learning_rate"": 0.03, ""max_depth"": 2, ""n_estimators"": 200}"
mol2desc,raw,xgb,8,group,0,93,29,70,24,-0.04674236289439595,0.3101409123154574,1.1292951683876584,0.840052917594937,109.06251760000305,"{""learning_rate"": 0.03, ""max_depth"": 2, ""n_estimators"": 200}"
mol2desc,raw,xgb,9,group,0,89,33,70,24,0.01647019637382987,0.3171747200576627,0.9810523196366701,0.7167886249750755,100.96419230000174,"{""learning_rate"": 0.03, ""max_depth"": 2, ""n_estimators"": 200}"
mol2desc,raw,lgbm,0,group,0,89,33,70,24,-0.0560080094858094,0.20054419727943973,1.1958572351436554,0.898811118203824,40.16310540000268,"{""learning_rate"": 0.03, ""n_estimators"": 200, ""num_leaves"": 15}"
mol2desc,raw,lgbm,1,group,0,93,29,70,24,0.018422990436167352,0.41097115026512865,1.0166189030200097,0.7400222875113178,45.4274194999889,"{""learning_rate"": 0.03, ""n_estimators"": 200, ""num_leaves"": 15}"
mol2desc,raw,lgbm,2,group,0,95,27,70,24,0.004468128451035014,0.06784865672522034,1.5785746535499559,1.100524557163315,42.091193800006295,"{""learning_rate"": 0.03, ""n_estimators"": 200, ""num_leaves"": 15}"
mol2desc,raw,lgbm,3,group,0,96,26,70,24,-0.9943604173266293,-0.09061160095855159,1.3606165053831116,1.06151361313203,39.19557709999208,"{""learning_rate"": 0.03, ""n_estimators"": 200, ""num_leaves"": 15}"
mol2desc,raw,lgbm,4,group,0,97,25,70,24,-0.16716138183059107,0.09973339042243146,1.598278191368372,1.196753276825967,39.48456389999774,"{""learning_rate"": 0.03, ""n_estimators"": 200, ""num_leaves"": 15}"
mol2desc,raw,lgbm,5,group,0,90,32,70,24,0.023279239090415314,0.21676195007398436,1.0301129763122607,0.7934541817153253,39.48683589999564,"{""learning_rate"": 0.03, ""n_estimators"": 200, ""num_leaves"": 15}"
mol2desc,raw,lgbm,6,group,0,92,30,70,24,-0.5170008002940512,0.27632875278406965,1.006446118895376,0.8050776163523047,39.28949229999853,"{""learning_rate"": 0.03, ""n_estimators"": 200, ""num_leaves"": 15}"
mol2desc,raw,lgbm,7,group,0,92,30,70,24,-0.018901877675057178,0.019493988612798385,1.2011252635188945,0.8755785434648604,38.10397360000934,"{""learning_rate"": 0.03, ""n_estimators"": 200, ""num_leaves"": 15}"
mol2desc,raw,lgbm,8,group,0,93,29,70,24,0.1475563564240286,0.1927137919896612,1.2216338039581105,0.9067220039621373,38.201866799994605,"{""learning_rate"": 0.03, ""n_estimators"": 200, ""num_leaves"": 15}"
mol2desc,raw,lgbm,9,group,0,89,33,70,24,0.017840587983820332,0.21592482542886393,1.0512747294517315,0.7609977704470209,42.67940200000885,"{""learning_rate"": 0.03, ""n_estimators"": 200, ""num_leaves"": 15}"
