row_index,mol_id,mol_name,PIC50,target,smiles,xyz,n_atoms,n_heavy,charge,mult,nelec,mol2_charge_sum,charge_residual,elements
0,Mol_1,1SJ0-anthra-Active10th,5.613732958,ESR1,CCc1ccc2c(c1)C(=O)c1ccccc1C2=O,000_Mol_1.xyz,30,18,0,1,124,0.0003,0.0003,"C,H,O"
1,Mol_2,1SJ0-anthra-Active11th,5.422244027,ESR1,O=C1c2ccccc2C(=O)c2cc(Cl)ccc21,001_Mol_2.xyz,24,17,0,1,124,0.0002,0.0002,"C,Cl,H,O"
2,Mol_3,1SJ0-anthra-Active12th,5.420216403,ESR1,Nc1ccc(N)c2c1C(=O)c1ccccc1C2=O,002_Mol_3.xyz,28,18,0,1,124,0.0,0.0,"C,H,N,O"
3,Mol_4,1SJ0-anthra-Active13th,5.394662625,ESR1,O=C1c2ccccc2C(=O)c2ccccc21,003_Mol_4.xyz,24,16,0,1,108,0.0006,0.0006,"C,H,O"
4,Mol_5,1SJ0-anthra-Active14th,5.313301183,ESR1,O=C1c2cccc(O)c2C(=O)c2c(O)cc(CO)cc21,004_Mol_5.xyz,30,20,0,1,140,-0.0,0.0,"C,H,O"
5,Mol_6,1SJ0-anthra-Active15th,5.299997603,ESR1,O=C(O)c1cc(O)c2c(c1)C(=O)c1cccc(O)c1C2=O,005_Mol_6.xyz,29,21,0,1,146,0.0001,0.0001,"C,H,O"
6,Mol_7,1SJ0-anthra-Active16th,5.250001023,ESR1,Cc1cc(O)c2c(c1)C(=O)c1cc(O)cc(O[C@@H]3O[C@H](CO)[C@@H](O)[C@H](O)[C@H]3O)c1C2=O,006_Mol_7.xyz,51,31,0,1,226,0.0,0.0,"C,H,O"
7,Mol_8,1SJ0-anthra-Active17th,5.165579296,ESR1,[O]N(=O)c1ccc(O)c2c1C(=O)c1c(N([O])=O)ccc(O)c1C2=O,007_Mol_8.xyz,30,24,0,1,168,0.0004,0.0004,"C,H,N,O"
8,Mol_9,1SJ0-anthra-Active18th,5.163739197,ESR1,O=C1c2cccc(O)c2C(=O)c2c(O)cccc21,008_Mol_9.xyz,26,18,0,1,124,-0.0,0.0,"C,H,O"
9,Mol_10,1SJ0-anthra-Active19th,5.099999035,ESR1,O=C1c2ccccc2C(=O)c2cc(O)ccc21,009_Mol_10.xyz,25,17,0,1,116,0.0002,0.0002,"C,H,O"
10,Mol_11,1SJ0-anthra-Active1st,5.099999035,ESR1,O=C1c2c(O)ccc(O)c2C(=O)c2c(NCCNCCO)ccc(NCCNCCO)c21,010_Mol_11.xyz,60,32,0,1,236,0.0004,0.0004,"C,H,N,O"
11,Mol_12,1SJ0-anthra-Active20th,5.017733291,ESR1,O=C1c2ccccc2C(=O)c2c(Cl)cccc21,011_Mol_12.xyz,24,17,0,1,124,0.0002,0.0002,"C,Cl,H,O"
12,Mol_13,1SJ0-anthra-Active2nd,5.013743456,ESR1,COc1cccc2c1C(=O)c1c(O)c3c(c(O)c1C2=O)C[C@@](O)(C(C)=O)C[C@@H]3O[C@H]1C[C@H](N)[C@H](O)[C@H](C)O1,012_Mol_13.xyz,67,38,0,1,278,0.0002,0.0002,"C,H,N,O"
13,Mol_14,1SJ0-anthra-Active3rd,5.008773924,ESR1,Cc1ccc2c(c1N)C(=O)c1ccccc1C2=O,013_Mol_14.xyz,29,18,0,1,124,0.0001,0.0001,"C,H,N,O"
14,Mol_15,1SJ0-anthra-Active4th,4.973740554,ESR1,COc1cccc2c1C(=O)c1c(O)c3c(c(O)c1C2=O)C[C@@](O)(C(=O)CO)C[C@@H]3O[C@H]1C[C@H](N)[C@H](O)[C@H](C)O1,014_Mol_15.xyz,68,39,0,1,286,-0.0002,0.0002,"C,H,N,O"
15,Mol_16,1SJ0-anthra-Active5th,4.925066593,ESR1,Nc1ccc2c(c1)C(=O)c1ccccc1C2=O,015_Mol_16.xyz,26,17,0,1,116,0.0004,0.0004,"C,H,N,O"
16,Mol_17,1SJ0-anthra-Active6th,4.913739855,ESR1,O=C1c2ccc(O)cc2C(=O)c2ccc(O)cc21,016_Mol_17.xyz,26,18,0,1,124,-0.0002,0.0002,"C,H,O"
17,Mol_18,1SJ0-anthra-Active7th,4.849999245,ESR1,Cc1ccc2c(c1N([O])=O)C(=O)c1ccccc1C2=O,017_Mol_18.xyz,29,20,0,1,138,0.0001,0.0001,"C,H,N,O"
18,Mol_19,1SJ0-anthra-Active8th,4.775065718,ESR1,Cc1ccc2c(c1)C(=O)c1ccccc1C2=O,018_Mol_19.xyz,27,17,0,1,116,0.0004,0.0004,"C,H,O"
19,Mol_20,1SJ0-anthra-Active9th,4.701088003,ESR1,Cc1cc(O)c2c(c1)C(=O)c1cc(O)cc(O)c1C2=O,019_Mol_20.xyz,30,20,0,1,140,0.0001,0.0001,"C,H,O"
20,Mol_21,1SJ0-cocrystal,4.349999603,ESR1,Oc1ccc([C@H]2Sc3cc(O)ccc3O[C@H]2c2ccc(OCCN3CCCCC3)cc2)cc1,020_Mol_21.xyz,63,33,1,1,246,0.9997,0.0003,"C,H,N,O,S"
21,Mol_22,2OUZ-cocrystal,4.300000202,ESR1,Oc1ccc2c(c1)CC[C@H](c1ccccc1)[C@@H]2c1ccc(OCCN2CCCC2)cc1,021_Mol_22.xyz,63,31,1,1,222,0.9998,0.0002,"C,H,N,O"
22,Mol_23,3ERT-cocrystal,4.16374173,ESR1,CCC(=C(c1ccc(O)cc1)c1ccc(OCCN(C)C)cc1)c1ccccc1,022_Mol_23.xyz,59,29,1,1,208,0.9999,0.0001,"C,H,N,O"
23,Mol_24,6GGB-10thActive,4.100000128,ESR1,Nc1ccc(N)c2c1C(=O)c1c(N)ccc(N)c1C2=O,023_Mol_24.xyz,32,20,0,1,140,-0.0004,0.0004,"C,H,N,O"
24,Mol_25,6GGB-11thActive,4.04999997,ESR1,CCC(C)(C)c1ccc2c(c1)C(=O)c1ccccc1C2=O,024_Mol_25.xyz,39,21,0,1,148,0.0004,0.0004,"C,H,O"
25,Mol_26,6GGB-12thActive,3.95,TP53,[O]N(=O)c1ccc(O)c2c1C(=O)c1c(N([O])=O)ccc(O)c1C2=O,025_Mol_26.xyz,30,24,0,1,168,0.0004,0.0004,"C,H,N,O"
26,Mol_27,6GGB-13thActive,5.59,ESR1,N#Cc1[s+]c2c([s+]c1C#N)C(=O)c1ccccc1C2=O,026_Mol_27.xyz,24,20,0,1,150,0.0004,0.0004,"C,H,N,O,S"
27,Mol_28,6GGB-14thActive,5.39,TP53,CCOP(=O)(OCC)[C@@H](NC(=O)[C@@H](C)Oc1ccc2c(c1O)C(=O)c1ccccc1C2=O)c1ccccc1OC,027_Mol_28.xyz,70,40,0,1,298,0.0004,0.0004,"C,H,N,O,P"
28,Mol_29,6GGB-15thActive,5.499996932,TP53,Cc1cc(O)c2c(c1)C(=O)c1cc(O)cc(O)c1C2=O,028_Mol_29.xyz,30,20,0,1,140,0.0001,0.0001,"C,H,O"
29,Mol_30,6GGB-16thActive,5.499996932,TP53,O=C1c2ccccc2C(=O)c2c1ccc(O)c2O,029_Mol_30.xyz,26,18,0,1,124,0.0002,0.0002,"C,H,O"
30,Mol_31,6GGB-17thActive,5.199998172,TP53,Nc1ccc2c(c1)C(=O)c1ccccc1C2=O,030_Mol_31.xyz,26,17,0,1,116,0.0004,0.0004,"C,H,N,O"
31,Mol_32,6GGB-18thActive,5.099999035,TP53,Nc1ccc2c(c1Cl)C(=O)c1ccc(N)c(Cl)c1C2=O,031_Mol_32.xyz,28,20,0,1,156,-0.0002,0.0002,"C,Cl,H,N,O"
32,Mol_33,6GGB-19thActive,5.0,TP53,O=C1c2cccc(O)c2C(=O)c2c(O)cccc21,032_Mol_33.xyz,26,18,0,1,124,-0.0,0.0,"C,H,O"
33,Mol_34,6GGB-1stActive,5.0,TP53,Nc1ccc(N)c2c1C(=O)c1ccccc1C2=O,033_Mol_34.xyz,28,18,0,1,124,0.0,0.0,"C,H,N,O"
34,Mol_35,6GGB-20thActive,5.0,TP53,O=C(O)c1cc(O)c2c(c1)C(=O)c1cccc(O)c1C2=O,034_Mol_35.xyz,29,21,0,1,146,0.0001,0.0001,"C,H,O"
35,Mol_36,6GGB-21stActive,4.949999402,TP53,O=C1c2ccccc2C(=O)c2c1cccc2N1CCOCC1,035_Mol_36.xyz,37,22,0,1,154,0.0001,0.0001,"C,H,N,O"
36,Mol_37,6GGB-22ndActive,4.949999402,TP53,CC(C)(C)c1ccc2c(c1)C(=O)c1ccccc1C2=O,036_Mol_37.xyz,36,20,0,1,140,0.0004,0.0004,"C,H,O"
37,Mol_38,6GGB-23rdActive,4.899998417,TP53,Cc1ccc2c(c1N)C(=O)c1ccccc1C2=O,037_Mol_38.xyz,29,18,0,1,124,0.0001,0.0001,"C,H,N,O"
38,Mol_39,6GGB-24thActive,4.899998417,TP53,CC(=O)Nc1ccc2c(c1)C(=O)c1ccccc1C2=O,038_Mol_39.xyz,31,20,0,1,138,0.0003,0.0003,"C,H,N,O"
39,Mol_40,6GGB-25thActive,4.899998417,TP53,CCc1ccc2c(c1)C(=O)c1ccccc1C2=O,039_Mol_40.xyz,30,18,0,1,124,0.0003,0.0003,"C,H,O"
40,Mol_41,6GGB-2ndActive,4.849999245,TP53,Cc1ccc2c(c1N([O])=O)C(=O)c1ccccc1C2=O,040_Mol_41.xyz,29,20,0,1,138,0.0001,0.0001,"C,H,N,O"
41,Mol_42,6GGB-3rdActive,4.800000875,TP53,CCOP(=O)(OCC)[C@@H](NC(=O)[C@@H](C)Oc1ccc2c(c1O)C(=O)c1ccccc1C2=O)c1ccccc1F,041_Mol_42.xyz,66,39,0,1,290,0.0002,0.0002,"C,F,H,N,O,P"
42,Mol_43,6GGB-4thActive,4.700000504,TP53,O=C1c2c(O)ccc(O)c2C(=O)c2c(NCCNCCO)ccc(NCCNCCO)c21,042_Mol_43.xyz,60,32,0,1,236,0.0004,0.0004,"C,H,N,O"
43,Mol_44,6GGB-5thActive,4.700000504,TP53,O=C1c2ccccc2C(=O)c2cc(O)ccc21,043_Mol_44.xyz,25,17,0,1,116,0.0002,0.0002,"C,H,O"
44,Mol_45,6GGB-6thActive,4.550000452,TP53,O=C1c2ccc(O)c(O)c2C(=O)c2c(O)ccc(O)c21,044_Mol_45.xyz,28,20,0,1,140,-0.0001,0.0001,"C,H,O"
45,Mol_46,6GGB-7thActive,4.550000452,TP53,CNc1cccc2c1C(=O)c1ccccc1C2=O,045_Mol_46.xyz,29,18,0,1,124,0.0004,0.0004,"C,H,N,O"
46,Mol_47,6GGB-8thActive,4.550000452,TP53,CCOP(=O)(OCC)[C@H](NC(=O)[C@@H](C)Oc1ccc2c(c1O)C(=O)c1ccccc1C2=O)c1cccc2ccccc12,046_Mol_47.xyz,72,42,0,1,308,0.0004,0.0004,"C,H,N,O,P"
47,Mol_48,6GGB-9thActive,4.096910013,TP53,O=C1c2cccc(O)c2C(=O)c2c(O)cc(CO)cc21,047_Mol_48.xyz,30,20,0,1,140,-0.0,0.0,"C,H,O"
48,Mol_49,6N0D-Active_13th,5.11,TP53,O=C1c2ccccc2C(=O)c2c1cccc2N1CCCC1,048_Mol_49.xyz,36,21,0,1,146,0.0008,0.0008,"C,H,N,O"
49,Mol_50,6N0D-Active_15th,9.602,TDP1,[H]/N=C1/CC/C(=N\[H])c2c1c(O)c1ccccc1c2O,049_Mol_50.xyz,30,18,0,1,126,-0.0002,0.0002,"C,H,N,O"
50,Mol_51,6N0D-Active_19th,7.959,TDP1,COc1ccc(/C=C/C(=O)c2cc(C(=O)/C=C/c3ccc(OC)cc3)c(O)cc2O)cc1,050_Mol_51.xyz,54,32,0,1,226,0.0001,0.0001,"C,H,O"
51,Mol_52,6N0D-Active_1st,9.097,TDP1,O=C1c2c(O)ccc(O)c2C(=O)c2c(NCCNCCO)ccc(NCCNCCO)c21,051_Mol_52.xyz,60,32,0,1,236,0.0004,0.0004,"C,H,N,O"
52,Mol_53,6N0D-Active_22nd,8.091514981,TDP1,COc1ccc(/C=C/C(=O)c2ccccc2)c(OC)c1,052_Mol_53.xyz,36,20,0,1,142,0.0003,0.0003,"C,H,O"
53,Mol_54,6N0D-Active_23rd,7.625251654,TDP1,O=C(/C=C/c1ccccc1)c1ccc(O)c(O)c1O,053_Mol_54.xyz,31,19,0,1,134,0.0,0.0,"C,H,O"
54,Mol_55,6N0D-Active_25th,6.809948582,TDP1,COc1ccc(C(=O)/C=C/c2ccc(O)cc2)c(O)c1CC=C(C)C,054_Mol_55.xyz,47,25,0,1,180,0.0001,0.0001,"C,H,O"
55,Mol_56,6N0D-Active_26th,6.664542099,TDP1,O=C1c2ccccc2C(=O)c2cc(S(=O)(=O)Nc3ccccc3)ccc21,055_Mol_56.xyz,39,26,0,1,188,-0.0,0.0,"C,H,N,O,S"
56,Mol_57,6N0D-Active_29th,6.571703186,TDP1,COc1cc(O)cc(O)c1C(=O)/C=C/c1ccccc1,056_Mol_57.xyz,34,20,0,1,142,0.0001,0.0001,"C,H,O"
57,Mol_58,6N0D-Active_2nd,6.508638306,TDP1,O=C1c2cccc(NCCNCCO)c2C(=O)c2cccc(NCCNCCO)c21,057_Mol_58.xyz,58,30,0,1,220,0.0004,0.0004,"C,H,N,O"
58,Mol_59,6N0D-Active_31st,6.268491816,TDP1,COc1ccc(/C=C/C(=O)c2ccc(O)cc2O)cc1OC,058_Mol_59.xyz,38,22,0,1,158,0.0001,0.0001,"C,H,O"
59,Mol_60,6N0D-Active_36th,6.161654731,TDP1,CC(C)(C)c1ccc2c(c1)C(=O)c1ccccc1C2=O,059_Mol_60.xyz,36,20,0,1,140,0.0004,0.0004,"C,H,O"
60,Mol_61,6N0D-Active_38th,6.113509275,TDP1,Cc1ccc(N2CCOCC2)c2c1C(=O)c1ccccc1C2=O,060_Mol_61.xyz,40,23,0,1,162,0.0002,0.0002,"C,H,N,O"
61,Mol_62,6N0D-Active_3rd,6.110082317,TDP1,Oc1cc(O)cc(/C=C/c2ccc(O)c(O)c2)c1,061_Mol_62.xyz,30,18,0,1,128,0.0001,0.0001,"C,H,O"
62,Mol_63,6N0D-Active_40th,5.969764704,TDP1,O=C(/C=C/c1ccc(O)cc1O)c1ccccc1,062_Mol_63.xyz,30,18,0,1,126,0.0003,0.0003,"C,H,O"
63,Mol_64,6N0D-Active_48th,5.663740448,TDP1,O=C1c2ccccc2C(=O)c2cc(N3CCCCC3)ccc21,063_Mol_64.xyz,39,22,0,1,154,0.0003,0.0003,"C,H,N,O"
64,Mol_65,6N0D-Active_4th,5.536390664,TDP1,COc1ccc(/C=C/C(=O)c2ccc(OC)cc2O)cc1,064_Mol_65.xyz,37,21,0,1,150,0.0001,0.0001,"C,H,O"
65,Mol_66,6N0D-Active_52th,5.399996913,TDP1,[O]N(=O)c1ccc(O)c2c1C(=O)c1ccccc1C2=O,065_Mol_66.xyz,27,20,0,1,138,0.0003,0.0003,"C,H,N,O"
66,Mol_67,6N0D-Active_56th,5.347395925,TDP1,CC1(C)CCCN(C(=O)c2ccc3c(c2NCCO)C(=O)c2ccccc2C3=O)C1,066_Mol_67.xyz,56,30,0,1,216,0.0004,0.0004,"C,H,N,O"
67,Mol_68,6N0D-Active_59th,5.244125144,TDP1,C=C(C)[C@@H](O)CC/C(C)=C/Cc1c(O)ccc(C(=O)/C=C/c2ccc(O)cc2)c1O,067_Mol_68.xyz,58,30,0,1,218,-0.0003,0.0003,"C,H,O"
68,Mol_69,6N0D-Active_62th,5.050000457,TDP1,CN(C)c1cccc2c1C(=O)c1ccccc1C2=O,068_Mol_69.xyz,32,19,0,1,132,0.0007,0.0007,"C,H,N,O"
69,Mol_70,6N0D-Active_67th,5.021230243,TDP1,O=C(/C=C/c1ccccc1F)c1ccccc1,069_Mol_70.xyz,28,17,0,1,118,0.0001,0.0001,"C,F,H,O"
70,Mol_71,6N0D-Active_6th,5.013299908,TDP1,O=C1c2cccc(NCCCNCCO)c2C(=O)c2cccc(NCCCNCCO)c21,070_Mol_71.xyz,64,32,0,1,236,0.0,0.0,"C,H,N,O"
71,Mol_72,6N0D-Active_72th,4.889800994,TDP1,CN(C)c1cc2c(c(N(C)C)c1)C(=O)c1ccccc1C2=O,071_Mol_72.xyz,40,22,0,1,156,0.0011,0.0011,"C,H,N,O"
72,Mol_73,6N0D-Active_76th,7.586700236,MAPK1,CNc1cccc2c1C(=O)c1ccccc1C2=O,072_Mol_73.xyz,29,18,0,1,124,0.0004,0.0004,"C,H,N,O"
73,Mol_74,6N0D-Active_7th,6.436163081,MAPK1,COc1cc(/C=C/C(=O)c2cc(OC)c(OC)c(OC)c2)cc(OC)c1OC,073_Mol_74.xyz,52,28,0,1,206,-0.0002,0.0002,"C,H,O"
74,Mol_75,6N0D-Active_80th,6.186218922,MAPK1,O=C1c2ccccc2C(=O)c2c1ccc(C[n+]1[cH]c(-c3cccc(C(F)(F)F)c3)nn1)c2,074_Mol_75.xyz,46,32,0,1,222,0.0004,0.0004,"C,F,H,N,O"
75,Mol_76,6N0D-Active_81st,5.286215547,MAPK1,COc1cc(O)ccc1/C=C/C(=O)c1ccc(O)cc1,075_Mol_76.xyz,34,20,0,1,142,0.0,0.0,"C,H,O"
76,Mol_77,6N0D-Active_82th,5.236212739,MAPK1,O=C(/C=C/c1ccc(O)cc1)c1ccc(O)cc1O,076_Mol_77.xyz,31,19,0,1,134,0.0001,0.0001,"C,H,O"
77,Mol_78,6N0D-Active_9th,5.136213347,MAPK1,COc1ccc(C(=O)/C=C/c2ccc(N(C)C)cc2)c(OC)c1,077_Mol_78.xyz,44,23,0,1,166,0.0004,0.0004,"C,H,N,O"
78,Mol_79,8AOJ-10th,5.08621263,MAPK1,O=C1c2ccccc2C(=O)c2c(O)c(O)cc(O)c21,078_Mol_79.xyz,27,19,0,1,132,0.0002,0.0002,"C,H,O"
79,Mol_80,8AOJ-11th,5.036212173,MAPK1,CN(C)c1cccc2c1C(=O)c1ccccc1C2=O,079_Mol_80.xyz,32,19,0,1,132,0.0007,0.0007,"C,H,N,O"
80,Mol_81,8AOJ-12th,4.986215108,MAPK1,O=C1c2c(O)ccc(O)c2C(=O)c2c(NCCNCCO)ccc(NCCNCCO)c21,080_Mol_81.xyz,60,32,0,1,236,0.0004,0.0004,"C,H,N,O"
81,Mol_82,8AOJ-13th,4.949999402,MAPK1,O=C1c2ccccc2C(=O)c2c(Nc3ccc(CCO)cc3)ccc(O)c21,081_Mol_82.xyz,44,27,0,1,188,0.0003,0.0003,"C,H,N,O"
82,Mol_83,8AOJ-14th,4.93621269,MAPK1,Cc1ccc2c(c1N)C(=O)c1ccccc1C2=O,082_Mol_83.xyz,29,18,0,1,124,0.0001,0.0001,"C,H,N,O"
83,Mol_84,8AOJ-15th,4.93621269,MAPK1,COc1ccc(N)c2c1C(=O)c1ccccc1C2=O,083_Mol_84.xyz,30,19,0,1,132,0.0001,0.0001,"C,H,N,O"
84,Mol_85,8AOJ-16th,4.88621369,MAPK1,O=C1c2ccccc2C(=O)c2cc(S(=O)(=O)Nc3ccccc3)ccc21,084_Mol_85.xyz,39,26,0,1,188,-0.0,0.0,"C,H,N,O,S"
85,Mol_86,8AOJ-17th,4.83621269,MAPK1,Nc1c(O)ccc2c1C(=O)c1ccccc1C2=O,085_Mol_86.xyz,27,18,0,1,124,0.0002,0.0002,"C,H,N,O"
86,Mol_87,8AOJ-18th,4.83621269,MAPK1,Nc1c(C(=O)O)ccc2c1C(=O)c1ccccc1C2=O,086_Mol_87.xyz,29,20,0,1,138,0.0003,0.0003,"C,H,N,O"
87,Mol_88,8AOJ-19th,4.83621269,MAPK1,O=C1c2ccccc2C(=O)c2c(NCCCN(CCO)CCO)cccc21,087_Mol_88.xyz,51,27,0,1,196,0.0009,0.0009,"C,H,N,O"
88,Mol_89,8AOJ-1st,4.786214046,MAPK1,O=C1c2cccc(O)c2C(=O)c2c(O)cccc21,088_Mol_89.xyz,26,18,0,1,124,-0.0,0.0,"C,H,O"
89,Mol_90,8AOJ-20th,4.786214046,MAPK1,O=C(O)c1cc(O)c2c(c1)C(=O)c1cccc(O)c1C2=O,089_Mol_90.xyz,29,21,0,1,146,0.0001,0.0001,"C,H,O"
90,Mol_91,8AOJ-2nd,4.786214046,MAPK1,Cc1cc(O)c2c(c1)C(=O)c1cccc(O)c1C2=O,090_Mol_91.xyz,29,19,0,1,132,0.0,0.0,"C,H,O"
91,Mol_92,8AOJ-3rd,4.736212487,MAPK1,Nc1ccc2c(c1)C(=O)c1ccccc1C2=O,091_Mol_92.xyz,26,17,0,1,116,0.0004,0.0004,"C,H,N,O"
92,Mol_93,8AOJ-4th,4.6862129,MAPK1,O=C1c2ccc(O)c(O)c2C(=O)c2c(O)ccc(O)c21,092_Mol_93.xyz,28,20,0,1,140,-0.0001,0.0001,"C,H,O"
93,Mol_94,8AOJ-5th,4.6862129,MAPK1,O=C1c2ccccc2C(=O)c2c1ccc(O)c2O,093_Mol_94.xyz,26,18,0,1,124,0.0002,0.0002,"C,H,O"
94,Mol_95,8AOJ-6th,4.6862129,MAPK1,CNc1cccc2c1C(=O)c1ccccc1C2=O,094_Mol_95.xyz,29,18,0,1,124,0.0004,0.0004,"C,H,N,O"
95,Mol_96,8AOJ-7th,4.636213209,MAPK1,O=C1c2ccccc2C(=O)c2c1cccc2N1CCCC1,095_Mol_96.xyz,36,21,0,1,146,0.0008,0.0008,"C,H,N,O"
96,Mol_97,8AOJ-8th,4.636213209,MAPK1,CCc1ccc2c(c1)C(=O)c1ccccc1C2=O,096_Mol_97.xyz,30,18,0,1,124,0.0003,0.0003,"C,H,O"
97,Mol_98,8AOJ-9th,4.586214232,MAPK1,Cc1cc(O)c2c(c1)C(=O)c1cc(O)cc(O)c1C2=O,097_Mol_98.xyz,30,20,0,1,140,0.0001,0.0001,"C,H,O"
98,Mol_99,8AOJ-cocrys,4.536212986,MAPK1,CCC(=O)N1CCC[C@H]1c1c(-c2ccncc2)n[nH+]c1C,098_Mol_99.xyz,41,21,0,1,152,0.0002,0.0002,"C,H,N,O"
99,Mol_100,CHEMBL10041,4.450000476,MAPK1,CCC(=C(c1ccccc1)c1ccc(OCCN(C)C)cc1)c1ccc(O)cc1,099_Mol_100.xyz,59,29,1,1,208,1.0,0.0,"C,H,N,O"
100,Mol_101,CHEMBL101083,4.346787486,MAPK1,C[C@@]1(c2ccc(OCCN3CCCCC3)cc2)c2ccc(O)cc2CCN1c1ccc(F)cc1,100_Mol_101.xyz,68,34,1,1,246,0.9998,0.0002,"C,F,H,N,O"
101,Mol_102,CHEMBL1095097,4.259637311,MAPK1,COC(=O)[C@@H]1CC2=CC(=O)CC[C@]2(C)[C@@]23O[C@@H]2C[C@@]2(C)[C@@H](CC[C@@]24CCC(=O)O4)[C@H]13,101_Mol_102.xyz,60,30,0,1,222,0.0,0.0,"C,H,O"
102,Mol_103,CHEMBL178559,9.721,TDP1,CC[C@@H]1c2cc(O)ccc2O[C@@H](c2ccc(OCCN3CCCCC3)cc2)[C@H]1c1ccc(O)cc1,102_Mol_103.xyz,71,35,1,1,254,1.0003,0.0003,"C,H,N,O"
103,Mol_104,CHEMBL178857,9.585,TDP1,O=C(c1ccc(N2CCN(C(=O)c3ccco3)CC2)cc1)c1c(-c2ccc(O)cc2)sc2cc(O)ccc12,103_Mol_104.xyz,62,38,0,1,274,-0.0005,0.0005,"C,H,N,O,S"
104,Mol_105,CHEMBL180792,9.222,TDP1,C[C@H](COc1ccc([C@@H]2Oc3ccc(O)cc3S[C@@H]2c2ccc(O)cc2)cc1)N1CCCC1,104_Mol_105.xyz,63,33,1,1,246,0.9996,0.0004,"C,H,N,O,S"
105,Mol_106,CHEMBL183044,9.131,TDP1,C[C@H](CN1CCCC1)Oc1ccc([C@@H]2Oc3ccc(O)cc3S[C@@H]2c2ccc(O)cc2)cc1,105_Mol_106.xyz,63,33,1,1,246,0.9999,0.0001,"C,H,N,O,S"
106,Mol_107,CHEMBL189541,8.951,TDP1,NC1=C(c2ccc(O)cc2)C(=O)c2cc(O)ccc21,106_Mol_107.xyz,30,19,0,1,132,0.0002,0.0002,"C,H,N,O"
107,Mol_108,CHEMBL192587,8.77,TDP1,COc1cc(O)cc2c1C(Br)=C(c1ccc(O)cc1)C2=O,107_Mol_108.xyz,32,21,0,1,174,-0.0,0.0,"Br,C,H,O"
108,Mol_109,CHEMBL231810,8.577,TDP1,O/N=C/c1ccc(-c2ccc(O)c(F)c2)c2ccccc12,108_Mol_109.xyz,33,21,0,1,146,0.0001,0.0001,"C,F,H,N,O"
109,Mol_110,CHEMBL234524,8.201,TDP1,O=C1c2ccc(O)cc2C(=O)N1c1ccc(O)cc1,109_Mol_110.xyz,28,19,0,1,132,-0.0002,0.0002,"C,H,N,O"
110,Mol_111,CHEMBL242818,7.854,TDP1,Cc1cc(O)ccc1N1C(=O)c2ccc(O)cc2C1=O,110_Mol_111.xyz,31,20,0,1,140,-0.0003,0.0003,"C,H,N,O"
111,Mol_112,CHEMBL284054,7.42,TDP1,Oc1cccc(-c2cc3ccc(O)cc3s2)c1,111_Mol_112.xyz,27,17,0,1,126,0.0001,0.0001,"C,H,O,S"
112,Mol_113,CHEMBL448651,7.215,TDP1,NC(=[NH2+])[N-]/N=C/C1=C(Cl)c2ccccc2CC1,112_Mol_113.xyz,30,17,0,1,130,0.9901,0.0099,"C,Cl,H,N"
113,Mol_114,CHEMBL46740,7.076,TDP1,Cc1c(-c2ccc(O)cc2)n(Cc2ccc(OCCN3CCCCCC3)cc2)c2ccc(O)cc12,113_Mol_114.xyz,70,35,1,1,252,0.9995,0.0005,"C,H,N,O"
114,Mol_115,CHEMBL5184399,6.83,TDP1,Cc1=c(OCC[N@@H]2CCC=C(c(o)o)C2)-c=c-c(N2Nc3=c-c(O)=c-c=c-3-c3=c2-c2=c-c=c(O)-c=c-2-o-c-3=O)=c-1,114_Mol_115.xyz,67,40,0,1,284,0.0002,0.0002,"C,H,N,O"
115,Mol_116,CHEMBL5196340,6.699,TDP1,O=C(COCN1CCCCC1)CN1Nc2c(c(=O)oc3cc(O)ccc23)-c2ccc(O)cc21,115_Mol_116.xyz,59,33,1,1,238,1.0,0.0,"C,H,N,O"
116,Mol_117,CHEMBL5199803,6.426,TDP1,CC1=C(OCC[N@@H]2CCC=C(c(o)o)C2)C=CC(C(=O)CNC2=C(C3=CC=C(O)C=C3)C(=O)OC3=CC(O)=CC=C32)=C1,116_Mol_117.xyz,72,42,0,1,300,0.0003,0.0003,"C,H,N,O"
117,Mol_118,CHEMBL81,6.096,TDP1,O=C(c1ccc(OCCN2CCCCC2)cc1)c1c(-c2ccc(O)cc2)sc2cc(O)ccc12,117_Mol_118.xyz,62,34,1,1,250,0.9996,0.0004,"C,H,N,O,S"
118,Mol_119,CHEMBL83,5.656,TDP1,CCC(=C(c1ccccc1)c1ccc(OCCN(C)C)cc1)c1ccccc1,118_Mol_119.xyz,58,28,1,1,200,1.0002,0.0002,"C,H,N,O"
119,Mol_120,Co-cryst_5O1C,5.301,TDP1,oc(o)C1=c-c(-c2=c-c=c(F)-c=c-2)=C(N2C=CC=C2)C(I)=C1O,119_Mol_120.xyz,33,23,-1,1,206,-0.9999,0.0001,"C,F,H,I,N,O"
120,Mol_121,Co-cryst_6GGB,4.959,TDP1,CCn1c2ccc(C[NH2]C)cc2c2ccc(-c3cccs3)cc21,120_Mol_121.xyz,44,23,1,1,170,1.0001,0.0001,"C,H,N,S"
121,Mol_122,Co-cryst_6GGC,4.699,TDP1,CCn1c2ccc(C[NH2]C)cc2c2ccc(-c3ccco3)cc21,121_Mol_122.xyz,44,23,1,1,162,0.9999,0.0001,"C,H,N,O"
