row_index,mol_id,mol_name,target,E_HOMO_eV,E_LUMO_eV,HOMO_LUMO_gap_eV,dipole_total_D,chemical_potential_eV,hardness_eV,electrophilicity_eV,electronegativity_eV,softness_inv_eV,q_mulliken_min,q_mulliken_max,q_mulliken_range,quadrupole_aniso_au,xtb_Gsolv_water_Eh,xtb_gap_eV,PIC50
0,Mol_1,1SJ0-anthra-Active10th,ESR1,-7.104993510752752,-2.913979407406126,4.191014103346626,0.772374613084889,-5.009486459079439,2.095507051673313,5.98780008009549,5.009486459079439,0.47721146974975615,-0.17054762671995505,0.1289883428197438,0.29953596953969885,71.3964238449834,-0.012500948292,1.815053950612,5.613732958
1,Mol_2,1SJ0-anthra-Active11th,ESR1,-7.275442012806035,-3.142467740512897,4.132974272293138,1.4201561947616712,-5.208954876659466,2.066487136146569,6.56505681367812,5.208954876659466,0.48391300507426593,-0.1662156631622267,0.13161367316026595,0.29782933632249264,54.23708504564353,-0.011443331193,1.822347814172,5.422244027
2,Mol_3,1SJ0-anthra-Active12th,ESR1,-5.056614396656488,-2.5271465814971497,2.529467815159338,3.2877415490231106,-3.791880489076819,1.264733907579669,5.684341013263979,3.791880489076819,0.7906801533562958,-0.2630273553477931,0.1338466820728097,0.3968740374206028,61.870135583586865,-0.026524001902,1.278070584381,5.420216403
3,Mol_4,1SJ0-anthra-Active13th,ESR1,-7.187729341497688,-3.000939608808476,4.186789732689212,1.4744654416129144e-05,-5.094334475153082,2.093394866344606,6.198602127569439,5.094334475153082,0.47769296470386213,-0.16738427979008463,0.129709337124849,0.29709361691493363,66.02703236959252,-0.011808194684,1.804741474156,5.394662625
4,Mol_5,1SJ0-anthra-Active14th,ESR1,-6.704840784089958,-3.3163867306448527,3.3884540534451055,1.2397416417551914,-5.010613757367405,1.6942270267225528,7.409352415445477,5.010613757367405,0.5902396693166201,-0.34189692941452954,0.3219804814198097,0.6638774108343393,57.06911476822109,-0.0226174228,1.676618017211,5.313301183
5,Mol_6,1SJ0-anthra-Active15th,ESR1,-6.576649421015012,-3.2261441378351154,3.3505052831798965,1.3380094433578076,-4.901396779425063,1.6752526415899482,7.170169380111523,4.901396779425063,0.5969248907143464,-0.22730867256102982,0.19660084415048062,0.42390951671151045,29.349909648180805,-0.035492296686,1.658121790716,5.299997603
6,Mol_7,1SJ0-anthra-Active16th,ESR1,-6.216228990120075,-2.487947223762211,3.728281766357864,3.124497252382726,-4.352088106941143,1.864140883178932,5.08026809064959,4.352088106941143,0.5364401419568103,-0.3640158716652948,0.3191819514920411,0.6831978231573359,130.45380172967168,-0.066998141636,1.704862979745,5.250001023
7,Mol_8,1SJ0-anthra-Active17th,ESR1,-7.112748451006587,-3.640347223616721,3.4724012273898657,8.548020171553196,-5.376547837311653,1.7362006136949328,8.324863618548376,5.376547837311653,0.575970306721542,-0.23329776578268735,0.24139554119274553,0.4746933069754329,105.55194545511449,-0.049686637535,1.863400095876,5.165579296
8,Mol_9,1SJ0-anthra-Active18th,ESR1,-6.4435351533938805,-2.9861111601724546,3.457423993221426,3.214954984591631,-4.714823156783168,1.728711996610713,6.4295144140035285,4.714823156783168,0.5784653556871157,-0.23240496153930046,0.1956687786037532,0.42807374014305366,79.9145109567125,-0.024638402458,1.725329910531,5.163739197
9,Mol_10,1SJ0-anthra-Active19th,ESR1,-6.8120213029616465,-2.930073686379267,3.8819476165823796,1.397465718870646,-4.8710474946704565,1.9409738082911898,6.112164830349872,4.8710474946704565,0.515205303507103,-0.1734875488731351,0.2147105989031015,0.3881981477762366,52.76663465723733,-0.019795987794,1.842958113457,5.099999035
10,Mol_11,1SJ0-anthra-Active1st,ESR1,-5.003550973292535,-2.8583494071821525,2.1452015661103827,5.60913483695251,-3.930950190237344,1.0726007830551914,7.203224928716045,3.930950190237344,0.9323133227178936,-0.3874887876272375,0.2320408782327812,0.6195296658600187,82.31280735170796,-0.035101896732,1.023147332302,5.099999035
11,Mol_12,1SJ0-anthra-Active20th,ESR1,-6.936945085514304,-3.0752815385072534,3.8616635470070504,0.8940512168558089,-5.006113312010779,1.9308317735035252,6.489734330199475,5.006113312010779,0.5179115103256686,-0.1674002222776405,0.12590964213417255,0.29330986441181306,68.44303626711425,-0.01484846526,1.658469749951,5.017733291
12,Mol_13,1SJ0-anthra-Active2nd,ESR1,-5.99489318533844,-2.9441626097162796,3.0507305756221603,5.826018157676889,-4.46952789752736,1.5253652878110802,6.5481625242181005,4.46952789752736,0.6555806717189779,-0.3763731582771932,0.3308582808779965,0.7072314391551897,88.10578312151976,-0.042959093779,1.005940371013,5.013743456
13,Mol_14,1SJ0-anthra-Active3rd,ESR1,-5.860880878661072,-2.73241843906791,3.1284624395931617,2.8489111498016433,-4.2966496588644905,1.5642312197965809,5.901045209103137,4.2966496588644905,0.6392916771793138,-0.24900174521249951,0.13204523554649117,0.3810469807589907,68.46190838355514,-0.020410414108,1.654267378624,5.008773924
14,Mol_15,1SJ0-anthra-Active4th,ESR1,-5.760657918875192,-2.710508783402882,3.05014913547231,4.655814488463717,-4.235583351139037,1.525074567736155,5.881734147293815,4.235583351139037,0.6557056429604068,-0.3941546523521282,0.30354288053265766,0.6976975328847859,56.511852587434724,-0.056840385338,1.347413832317,4.973740554
15,Mol_16,1SJ0-anthra-Active5th,ESR1,-6.051661203192349,-2.658579692541503,3.3930815106508465,3.305687038967676,-4.355120447866926,1.6965407553254233,5.58992587000671,4.355120447866926,0.5894347052147204,-0.18537209441778124,0.12599700745731202,0.31136910187509326,100.70333626621867,-0.023929420419,1.848702269286,4.925066593
16,Mol_17,1SJ0-anthra-Active6th,ESR1,-6.630738257950115,-2.7887102196043037,3.842028038345811,2.6241135023324285,-4.709724238777209,1.9210140191729055,5.773383792085971,4.709724238777209,0.5205584082257511,-0.1803319640856138,0.21547599550629393,0.39580795959190773,76.2715792333319,-0.02936959632,1.910683214901,4.913739855
17,Mol_18,1SJ0-anthra-Active7th,ESR1,-7.474614824044382,-3.3011131283376756,4.173501695706706,3.056262232862847,-5.387863976191029,2.086750847853353,6.9555688106702585,5.387863976191029,0.4792138941880402,-0.21729870195921208,0.22625816558639755,0.44355686754560963,99.20723076739466,-0.021283009519,1.844545265017,4.849999245
18,Mol_19,1SJ0-anthra-Active8th,ESR1,-7.108525859391723,-2.9162335327598163,4.192292326631907,0.733443123987677,-5.01237969607577,2.0961461633159537,5.992890824437626,5.01237969607577,0.4770659687290467,-0.17054988697443463,0.12933423330336424,0.29988412027779887,71.65046589863086,-0.013152946391,1.820963703069,4.775065718
19,Mol_20,1SJ0-anthra-Active9th,ESR1,-6.459578390494597,-3.0561620597661387,3.4034163307284584,0.6525343936270945,-4.757870225130368,1.7017081653642292,6.651354662312755,4.757870225130368,0.5876448267414658,-0.3531173639479146,0.24035148670189344,0.593468850649808,84.47138104249218,-0.025120738699,1.812672439577,4.701088003
20,Mol_21,1SJ0-cocrystal,ESR1,-6.887808883820132,-3.7342467008494187,3.1535621829707137,30.660335131640174,-5.311027792334776,1.5767810914853568,8.944493425013384,5.311027792334776,0.6342034448535793,-0.33952103675258094,0.3206613756974592,0.6601824124500402,589.2245809819452,-0.112815790296,2.635652799557,4.349999603
21,Mol_22,2OUZ-cocrystal,ESR1,-7.5689286471974375,-3.519987161504244,4.048941485693193,24.789226957999045,-5.544457904350841,2.0244707428465967,7.592358042649151,5.544457904350841,0.49395626167158424,-0.37652382796464323,0.2479954431111775,0.6245192710758207,363.3852960655834,-0.097829636117,3.334481967528,4.300000202
22,Mol_23,3ERT-cocrystal,ESR1,-7.36402068105282,-3.2552396383432005,4.108781042709619,24.791656838132855,-5.309630159698011,2.0543905213548097,6.861444340724182,5.309630159698011,0.4867623704477227,-0.4029075952634944,0.2539080689544919,0.6568156642179863,356.9498526934482,-0.100761957795,2.843992169929,4.16374173
23,Mol_24,6GGB-10thActive,ESR1,-4.369028004648039,-2.163604847482504,2.2054231571655354,1.306057893182405,-3.2663164260652717,1.1027115785827677,4.8375401158368385,3.2663164260652717,0.9068554456326874,-0.34878260460587107,0.12853109708007926,0.47731370168595033,74.149982214344,-0.032077945094,1.107977854075,4.100000128
24,Mol_25,6GGB-11thActive,ESR1,-7.070671379175797,-2.890769464244678,4.179901914931119,1.05575624902043,-4.980720421710238,2.0899509574655597,5.934966040859888,4.980720421710238,0.47848012721441047,-0.2830968368783866,0.13786286037978623,0.42095969725817284,70.35345554824886,-0.012468900573,1.803090925747,4.04999997
25,Mol_26,6GGB-12thActive,TP53,-7.26573766924361,-3.9566243095831344,3.309113359660476,7.137418917572859,-5.611180989413373,1.654556679830238,9.514739651948496,5.611180989413373,0.6043915038937213,-0.3280400037559943,0.24135686585652572,0.56939686961252,76.11175463591115,-0.040283016704,1.801408934741,3.95
26,Mol_27,6GGB-13thActive,ESR1,-6.457088508602745,-4.251058348823509,2.206030159779236,8.738307353812326,-5.354073428713127,1.103015079889618,12.994428998613799,5.354073428713127,0.9066059188420823,-0.15294367206431936,0.21024731661957397,0.3631909886838933,30.56182752530742,-0.021578289749,0.572299589513,5.59
27,Mol_28,6GGB-14thActive,TP53,-5.895400080155838,-3.176922945440095,2.718477134715743,3.4604700552919105,-4.536161512797967,1.3592385673578715,7.569223594864313,4.536161512797967,0.7357060224856846,-0.4876777575432225,0.957315301493125,1.4449930590363476,95.5050679696182,-0.035327753704,1.174100288102,5.39
28,Mol_29,6GGB-15thActive,TP53,-6.501964913581712,-3.114086515860132,3.38787839772158,2.2038621871564463,-4.808025714720921,1.69393919886079,6.823477279752536,4.808025714720921,0.5903399606506073,-0.35030172517895686,0.2424128105619605,0.5927145357409174,35.90391135631882,-0.024219785871,1.804102088667,5.499996932
29,Mol_30,6GGB-16thActive,TP53,-6.233725668086122,-2.989749843714159,3.243975824371963,0.7785465095759837,-4.6117377559001405,1.6219879121859815,6.5561910077774375,4.6117377559001405,0.6165274059609251,-0.25220812499730094,0.19690469812408928,0.4491128231213902,90.03101301866384,-0.024065651436,1.802177439967,5.499996932
30,Mol_31,6GGB-17thActive,TP53,-6.051668183080951,-2.658602470710585,3.393065712370366,3.305658506189262,-4.355135326895768,1.696532856185183,5.589990092565931,4.355135326895768,0.589437449651636,-0.1853677643299978,0.12598729600642322,0.311355060336421,100.70270338826815,-0.023915693153,1.848701765391,5.199998172
31,Mol_32,6GGB-18thActive,TP53,-5.905713973175407,-2.492363062573871,3.4133509106015363,0.7009830097061205,-4.199038517874639,1.7066754553007681,5.165576272815023,4.199038517874639,0.5859344826774752,-0.17476617610862633,0.11265792323398882,0.28742409934261515,143.04644561920756,-0.040000258086,1.814025945738,5.099999035
32,Mol_33,6GGB-19thActive,TP53,-6.405885166516767,-2.6860984896178577,3.7197866768989094,1.1179705122468184,-4.545991828067312,1.8598933384494547,5.555706145515724,4.545991828067312,0.5376652409721916,-0.17364020528028057,0.17232613330659663,0.3459663385868772,98.21565638825771,-0.035068215788,1.656759637947,5.0
33,Mol_34,6GGB-1stActive,TP53,-5.049203163321294,-2.5237632382187503,2.5254399251025434,3.2987300433645745,-3.786483200770022,1.2627199625512717,5.6772108840131805,3.786483200770022,0.7919412297715978,-0.263317148730593,0.13391425180181915,0.3972314005324121,61.95027315728679,-0.026589320794,1.275853769645,5.0
34,Mol_35,6GGB-20thActive,TP53,-6.576666197800008,-3.2262085071274207,3.350457690672587,1.3378543164234278,-4.901437352463715,1.6752288453362936,7.170389940158832,4.901437352463715,0.596933369899833,-0.22730636237875856,0.19661740632054914,0.4239237686993077,29.348883544594127,-0.035533834058,1.658122013355,5.0
35,Mol_36,6GGB-21stActive,TP53,-5.705835920361263,-2.839162064046225,2.866673856315038,1.040935569211026,-4.272498992203744,1.433336928157519,6.367744833675255,4.272498992203744,0.6976726688298254,-0.39440182105415467,0.251077534705507,0.6454793557596616,80.98217796178359,-0.01577857632,1.255821951207,4.949999402
36,Mol_37,6GGB-22ndActive,TP53,-7.089173084783602,-2.9117364935996872,4.177436591183914,0.8887167071060531,-5.000454789191645,2.088718295591957,5.985620021502995,5.000454789191645,0.47876250335452397,-0.28952444401101385,0.14423586932022747,0.4337603133312413,70.83144455762609,-0.012456859068,1.803467163356,4.949999402
37,Mol_38,6GGB-23rdActive,TP53,-5.860838471010458,-2.7324166770248395,3.128421793985619,2.8488815502261913,-4.2966275740176485,1.5642108969928095,5.901061214092043,4.2966275740176485,0.6392999830921117,-0.24906708243608122,0.13205444350545448,0.3811215259415357,68.46144890381423,-0.020414034796,1.654223235922,4.899998417
38,Mol_39,6GGB-24thActive,TP53,-6.68795224086194,-2.9258024344733635,3.7621498063885768,3.464601566820058,-4.806877337667652,1.8810749031942884,6.14171974229894,4.806877337667652,0.5316109413303433,-0.22154257041545655,0.15655092267700876,0.3780934930924653,79.50833313394165,-0.022903318608,1.805548471479,4.899998417
39,Mol_40,6GGB-25thActive,TP53,-7.104975733830791,-2.913968134890718,4.1910075989400735,0.7724912092597853,-5.0094719343607546,2.0955037994700367,5.987774650538616,5.0094719343607546,0.4772122103777168,-0.1705270385149742,0.12894335646728905,0.29947039498226324,71.39758339325594,-0.012502628544,1.815054080573,4.899998417
40,Mol_41,6GGB-2ndActive,TP53,-7.474480231723294,-3.301435286073717,4.173044945649577,3.05559809418147,-5.387957758898505,2.0865224728247886,6.9565722846907345,5.387957758898505,0.47926634533016743,-0.2169566841397863,0.22625555957360355,0.44321224371338985,99.23349914614971,-0.021270945797,1.84413185975,4.849999245
41,Mol_42,6GGB-3rdActive,TP53,-6.43004054545413,-3.201224818125661,3.228815727328469,4.5709552083164136,-4.815632681789896,1.6144078636642345,7.182298429000368,4.815632681789896,0.6194221562637164,-0.4842669429844708,0.9507963770316632,1.435063320016134,48.59193110291325,-0.03338089026,1.652493188241,4.800000875
42,Mol_43,6GGB-4thActive,TP53,-4.8961007415241555,-2.7177356141892117,2.178365127334944,5.635534729453304,-3.8069181778566836,1.089182563667472,6.652982932492233,3.8069181778566836,0.9181197288293174,-0.3694941025023617,0.22937504910137907,0.5988691516037408,120.86591414730415,-0.044045841273,1.053204612649,4.700000504
43,Mol_44,6GGB-5thActive,TP53,-6.79537222323306,-2.8759313048985886,3.9194409183344714,1.5428069166220135,-4.835651764065824,1.9597204591672357,5.966036603314721,4.835651764065824,0.5102768587847168,-0.1760135498197517,0.2117403627381016,0.3877539125578533,93.79314896716348,-0.021321892966,1.860354300068,4.700000504
44,Mol_45,6GGB-6thActive,TP53,-6.132768941501647,-3.2679135106654202,2.8648554308362266,1.425803707389159,-4.700341226083534,1.4324277154181133,7.711805420900992,4.700341226083534,0.6981155064485112,-0.35274720999307263,0.2049210191792794,0.557668229172352,22.601887991509525,-0.022717540808,1.567086430492,4.550000452
45,Mol_46,6GGB-7thActive,TP53,-5.784898343306165,-2.8065128227025364,2.9783855206036285,2.617554495956195,-4.2957055830043505,1.4891927603018142,6.195667527995121,4.2957055830043505,0.6715047418020823,-0.2514665784787127,0.13558173498065695,0.38704831345936963,62.52485875574456,-0.016596005308,1.514424324211,4.550000452
46,Mol_47,6GGB-8thActive,TP53,-6.11938989910165,-2.4990988175845765,3.6202910815170735,7.1106187162730015,-4.309244358343113,1.8101455407585367,5.129307705315897,4.309244358343113,0.5524417664123034,-0.48696445085419704,0.9518920607475305,1.4388565116017276,42.22105480887671,-0.039780358975,1.834705298961,4.550000452
47,Mol_48,6GGB-9thActive,TP53,-6.7180472912793014,-3.328924257739549,3.3891230335397524,1.5313335004812476,-5.0234857745094255,1.6945615167698762,7.445999769545565,5.0234857745094255,0.5901231617168853,-0.341336474925944,0.3216056495798849,0.6629421245058289,32.62477402098272,-0.021295862795,1.696685778879,4.096910013
48,Mol_49,6N0D-Active_13th,TP53,-5.692139540540745,-2.5309646202123397,3.161174920328405,4.416606326726276,-4.111552080376542,1.5805874601642025,5.347651090402957,4.111552080376542,0.6326761569373156,-0.30547161271255163,0.16428669220276682,0.46975830491531845,61.44783709904305,-0.018551344141,1.640732700129,5.11
49,Mol_50,6N0D-Active_15th,TDP1,-5.449991129238018,-1.5373052486359324,3.912685880602086,1.6613969662763284,-3.4936481889369753,1.956342940301043,3.1194882596055495,3.4936481889369753,0.5111578238149389,-0.28823165420084873,0.16516395147235674,0.45339560567320547,32.26374291414639,-0.023195415671,2.365478620974,9.602
50,Mol_51,6N0D-Active_19th,TDP1,-5.836478543052747,-1.8392958480545463,3.997182694998201,7.975316390873828,-3.837887195553647,1.9985913474991004,3.684939931373656,3.837887195553647,0.5003524113377811,-0.3089458655315216,0.23867498517677,0.5476208507082916,189.747273037613,-0.045848924058,2.449645617575,7.959
51,Mol_52,6N0D-Active_1st,TDP1,-4.8913131069132065,-2.692294453007235,2.1990186539059717,5.441489457494243,-3.7918037799602207,1.0995093269529859,6.538269186658478,3.7918037799602207,0.909496604973101,-0.36910819273646744,0.21101179492847333,0.5801199876649408,86.0499475573255,-0.043708980826,1.075270176101,9.097
52,Mol_53,6N0D-Active_22nd,TDP1,-5.8045270770906825,-1.7721622852450063,4.032364791845676,7.644425899214938,-3.7883446811678443,2.016182395922838,3.5590915416072177,3.7883446811678443,0.49598687203212305,-0.3166142289746112,0.25617571192201893,0.5727899408966302,24.391927820636447,-0.015992702703,2.46587491768,8.091514981
53,Mol_54,6N0D-Active_23rd,TDP1,-5.9616201532506645,-2.410849620109504,3.5507705331411605,2.532284067565642,-4.186234886680085,1.7753852665705803,4.935425244434047,4.186234886680085,0.5632580256406251,-0.2988887441987256,0.20046738279257292,0.4993561269912985,49.74628052013181,-0.021954435506,2.100699127123,7.625251654
54,Mol_55,6N0D-Active_25th,TDP1,-5.8595691809003805,-2.1646567900650333,3.694912390835347,6.478202529172222,-4.012112985482707,1.8474561954176736,4.356544595808328,4.012112985482707,0.5412848231424072,-0.30347827879329436,0.27016123316188434,0.5736395119551787,48.500518171345384,-0.023999094129,1.877122805064,6.809948582
55,Mol_56,6N0D-Active_26th,TDP1,-6.553828377548322,-3.3566191179796805,3.197209259568641,5.279489786262668,-4.955223747764001,1.5986046297843206,7.679898435461526,4.955223747764001,0.6255455422613891,-0.43075615326892347,0.8379152796183487,1.2686714328872721,68.64764089501838,-0.029726846107,1.261872920333,6.664542099
56,Mol_57,6N0D-Active_29th,TDP1,-5.983039206322984,-2.1775491222672163,3.805490084055768,3.6860707088418208,-4.0802941642951005,1.902745042027884,4.374942543389024,4.0802941642951005,0.5255564870289886,-0.2940933844462936,0.2202302761586994,0.514323660604993,89.44814328749138,-0.025688778456,2.333565987198,6.571703186
57,Mol_58,6N0D-Active_2nd,TDP1,-5.614491856608042,-2.818216156655789,2.7962756999522536,2.6913190025206166,-4.216354006631915,1.3981378499761268,6.357613846712097,4.216354006631915,0.7152370562152187,-0.3279395477628544,0.2299794384149667,0.5579189861778211,102.06417624133745,-0.035133287773,1.202236654,6.508638306
58,Mol_59,6N0D-Active_31st,TDP1,-5.57951611413719,-1.7847022921235298,3.7948138220136602,5.429104779996246,-3.68210920313036,1.8974069110068301,3.5727518712849493,3.68210920313036,0.5270350783477252,-0.3086668107032562,0.2351025569501024,0.5437693676533586,115.91395860934333,-0.034550541752,2.27426199955,6.268491816
59,Mol_60,6N0D-Active_36th,TDP1,-7.089296132498471,-2.8883031229873333,4.200993009511137,0.9004444585610599,-4.988799627742902,2.1004965047555686,5.9243425707732635,4.988799627742902,0.476077916690639,-0.2818605994950545,0.13814863653823561,0.4200092360332901,70.31397967718657,-0.012555528922,1.81611958573,6.161654731
60,Mol_61,6N0D-Active_38th,TDP1,-5.597072630547365,-2.773290680937322,2.8237819496100434,0.8279255443425211,-4.185181655742344,1.4118909748050217,6.202938401097544,4.185181655742344,0.7082699853209964,-0.3946340855143635,0.2535650560151481,0.6481991415295116,71.36583229674059,-0.015679094355,1.249386245833,6.113509275
61,Mol_62,6N0D-Active_3rd,TDP1,-5.349515026868457,-1.4409636316129157,3.9085513952555413,1.8949154767610896,-3.3952393292406864,1.9542756976277706,2.949340800997467,3.3952393292406864,0.5116985291347921,-0.19499816426313465,0.2078011984654129,0.40279936272854755,56.2876447152092,-0.03504297346,2.609108439487,6.110082317
62,Mol_63,6N0D-Active_40th,TDP1,-5.953070735235923,-1.7220357281177756,4.231035007118147,5.208446705761617,-3.8375532316768495,2.1155175035590736,3.4806648446958124,3.8375532316768495,0.4726975779295773,-0.21227902841601143,0.18915872154857727,0.4014377499645887,106.57307920306764,-0.028839902055,2.477800137836,5.969764704
63,Mol_64,6N0D-Active_48th,TDP1,-5.691596142984736,-2.5878868211612445,3.1037093218234912,4.219778310916652,-4.13974148207299,1.5518546609117456,5.521605846879783,4.13974148207299,0.6443902416818338,-0.3148063471500162,0.23917093205376894,0.5539772792037851,86.33274730657826,-0.018949093266,1.484342313443,5.663740448
64,Mol_65,6N0D-Active_4th,TDP1,-5.829289357849206,-1.6668009591247674,4.162488398724439,4.024888397437833,-3.748045158486987,2.0812441993622195,3.3748664655408027,3.748045158486987,0.4804818196281061,-0.3141560457124637,0.25284259216286475,0.5669986378753284,120.12395676864969,-0.023409448674,2.58177727432,5.536390664
65,Mol_66,6N0D-Active_52th,TDP1,-7.040517731828475,-3.518426959576491,3.5220907722519836,4.394120074562989,-5.279472345702483,1.7610453861259918,7.91371661077767,5.279472345702483,0.5678445359093409,-0.24270090493189578,0.24360617532522255,0.48630708025711833,82.2230968999382,-0.02256286401,1.797713947692,5.399996913
66,Mol_67,6N0D-Active_56th,TDP1,-5.894480640797097,-2.8169755767722418,3.077505064024855,4.0447784783636385,-4.355728108784669,1.5387525320124276,6.164853335072739,4.355728108784669,0.6498770784748406,-0.3744856270477266,0.2679520310378356,0.6424376580855622,91.730736156568,-0.026842443737,1.614743697261,5.347395925
67,Mol_68,6N0D-Active_59th,TDP1,-5.879018398049815,-1.763837539470476,4.115180858579339,4.197740020553335,-3.8214279687601453,2.0575904292896694,3.5486439654231168,3.8214279687601453,0.4860053710228544,-0.30380402274899865,0.21261204908418385,0.5164160718331825,115.64348423259709,-0.040100695531,2.427645668814,5.244125144
68,Mol_69,6N0D-Active_62th,TDP1,-5.6992341910340585,-2.623029550334875,3.0762046406991836,3.4753890241835825,-4.161131870684467,1.5381023203495918,5.628695248730435,4.161131870684467,0.6501518050975388,-0.28473976621746644,0.14803515961756375,0.4327749258350302,63.02177750151485,-0.017854385196,1.509505847602,5.050000457
69,Mol_70,6N0D-Active_67th,TDP1,-6.655870488186215,-2.3928372494747983,4.263033238711417,4.245246541120969,-4.524353868830507,2.1315166193557085,4.801693250833989,4.524353868830507,0.4691495205429217,-0.20642757694931113,0.25565239653760585,0.462079973486917,51.70446211852033,-0.014339475235,2.334926505781,5.021230243
70,Mol_71,6N0D-Active_6th,TDP1,-5.512138319437852,-2.6246875580668685,2.887450761370984,1.4563277565965382,-4.068412938752361,1.443725380685492,5.732386526428111,4.068412938752361,0.6926525039860366,-0.3223089725783659,0.19364304362975382,0.5159520162081197,126.01794052751579,-0.039279450644,1.244462167352,5.013299908
71,Mol_72,6N0D-Active_72th,TDP1,-5.3835776340570805,-2.343626360597424,3.0399512734596565,4.354740674917153,-3.863601997327252,1.5199756367298283,4.910414362254821,3.863601997327252,0.6579052820553514,-0.3114374282719705,0.29426980368257816,0.6057072319545487,76.1896904027804,-0.023166894435,1.46562328656,4.889800994
72,Mol_73,6N0D-Active_76th,MAPK1,-5.784875001293803,-2.806398013327971,2.978476987965832,2.61746716511173,-4.295636507310887,1.489238493982916,6.1952780154075695,4.295636507310887,0.671484120267087,-0.25144757483775315,0.13569812179335372,0.3871456966311069,62.52998111844902,-0.016592443031,1.514443359215,7.586700236
73,Mol_74,6N0D-Active_7th,MAPK1,-5.469275400286517,-1.7679561148362224,3.701319285450295,1.7538500906294276,-3.6186157575613698,1.8506596427251476,3.537760185224985,3.6186157575613698,0.5403478721389701,-0.3454930338476654,0.22642668287494772,0.5719197167226131,73.76841328464634,-0.023476747667,2.107588616371,6.436163081
74,Mol_75,6N0D-Active_80th,MAPK1,-6.634086596390982,-3.214700177333294,3.419386419057688,3.282067684333251,-4.924393386862138,1.709693209528844,7.091813342130037,4.924393386862138,0.5849002583776883,-0.17714734977822388,0.5354746915320607,0.7126220413102846,92.84088990020858,-0.026224134938,1.52448039217,6.186218922
75,Mol_76,6N0D-Active_81st,MAPK1,-5.789387336961605,-1.7699686894344622,4.019418647527143,7.508129434369848,-3.7796780131980334,2.0097093237635715,3.554236852695539,3.7796780131980334,0.49758439599976856,-0.3139635485399612,0.20729825761532972,0.5212618061552909,36.77013318869643,-0.031618945819,2.464408461357,5.286215547
76,Mol_77,6N0D-Active_82th,MAPK1,-5.853897135327873,-1.8065821799305328,4.04731495539734,6.79048973309157,-3.8302396576292033,2.02365747769867,3.6248070625961937,3.8302396576292033,0.49415477224792664,-0.22783867676712077,0.1955630805858508,0.4234017573529716,47.80241670110747,-0.038160001098,2.547828757883,5.236212739
77,Mol_78,6N0D-Active_9th,MAPK1,-5.248150440794973,-1.4625990073470856,3.7855514334478872,6.029345892766658,-3.355374724071029,1.8927757167239436,2.974081778273565,3.355374724071029,0.5283246140386993,-0.3159894073372751,0.2636132117934773,0.5796026191307524,142.8491676421014,-0.024010548208,2.15059310526,5.136213347
78,Mol_79,8AOJ-10th,MAPK1,-5.97143461036574,-3.0515823917367544,2.9198522186289853,0.6158804396551935,-4.511508501051247,1.4599261093144926,6.970801064930176,4.511508501051247,0.6849661730274482,-0.26993627159485456,0.19907081960946216,0.4690070912043167,82.78044693849363,-0.025270457957,1.605198419922,5.08621263
79,Mol_80,8AOJ-11th,MAPK1,-5.699516049009903,-2.623466627343806,3.076049421666097,3.47566887675806,-4.161491338176854,1.5380247108330485,5.629951858296523,4.161491338176854,0.6501846120914174,-0.28481198158789933,0.14807166896726986,0.4328836505551692,62.9841623118832,-0.017845016496,1.508807972832,5.036212173
80,Mol_81,8AOJ-12th,MAPK1,-4.358600388820768,-2.1279381152649517,2.230662273555816,2.9611975949600806,-3.2432692520428597,1.115331136777908,4.715548187614717,3.2432692520428597,0.8965947125702154,-0.3226625217187138,0.21320795509993928,0.5358704768186531,140.2701556639376,-0.063180921945,1.046492930242,4.986215108
81,Mol_82,8AOJ-13th,MAPK1,-5.428043755281995,-3.011454213517591,2.416589541764404,1.624661180154472,-4.219748984399793,1.208294770882202,7.368351630927912,4.219748984399793,0.8276126191209769,-0.31203934775903974,0.22793746874335508,0.5399768165023948,78.4590243783405,-0.024786487304,1.169019733692,4.949999402
82,Mol_83,8AOJ-14th,MAPK1,-5.860925496495981,-2.7324323712387737,3.1284931252572075,2.848884487675807,-4.296678933867377,1.5642465626286037,5.901067741429639,4.296678933867377,0.6392854067197514,-0.24907452240364059,0.1320463632844333,0.3811208856880739,68.4594884248903,-0.020407471161,1.654269581801,4.93621269
83,Mol_84,8AOJ-15th,MAPK1,-5.441362880496897,-2.5991514045008617,2.8422114759960357,3.4025293792903044,-4.020257142498879,1.4211057379980179,5.686581603203617,4.020257142498879,0.7036774064460183,-0.2644609166442269,0.19355778823859726,0.45801870488282415,64.89023894544766,-0.024939582455,1.500624936573,4.93621269
84,Mol_85,8AOJ-16th,MAPK1,-6.539925478111422,-3.3781368391033073,3.1617886390081145,5.534957196939577,-4.959031158607365,1.5808943195040572,7.777872856091185,4.959031158607365,0.632553351392717,-0.4290682023215524,0.8518524549274691,1.2809206572490215,34.149789228406,-0.029039121026,1.245469139224,4.88621369
85,Mol_86,8AOJ-17th,MAPK1,-6.000200263610634,-2.8219670627761895,3.1782332008344447,2.763299616428007,-4.411083663193412,1.5891166004172224,6.12216217443805,4.411083663193412,0.6292804440765707,-0.23957870744722065,0.16868119109299295,0.4082598985402136,52.284261787961825,-0.025294868684,1.68144478021,4.83621269
86,Mol_87,8AOJ-18th,MAPK1,-6.140802269854843,-3.1302003381714254,3.010601931683418,0.3813867056685491,-4.635501304013134,1.505300965841709,7.137400701623891,4.635501304013134,0.6643189785245616,-0.24865820575852204,0.18563839937967508,0.4342966051381971,75.45925315327821,-0.026287012115,1.595580800433,4.83621269
87,Mol_88,8AOJ-19th,MAPK1,-5.643355734710446,-2.883547190800812,2.759808543909634,1.2084618204041353,-4.263451462755629,1.379904271954817,6.586333104659124,4.263451462755629,0.7246879514209835,-0.37241148422719395,0.21939295069586162,0.5918044349230556,119.753414670003,-0.031952906374,0.843064782014,4.83621269
88,Mol_89,8AOJ-1st,MAPK1,-6.6615158659956295,-3.271143761641283,3.3903721043543467,0.11373186342164311,-4.966329813818456,1.6951860521771733,7.274845079082873,4.966329813818456,0.5899057502954752,-0.3418658735023197,0.19654100703323618,0.5384068805355559,46.34511250047621,-0.015346371547,1.692273767261,4.786214046
89,Mol_90,8AOJ-20th,MAPK1,-6.5882198107272565,-2.918558389942218,3.6696614207850384,1.9739375924690579,-4.753389100334737,1.8348307103925192,6.157164203543191,4.753389100334737,0.5450094084080778,-0.2034023164047447,0.1870348863234622,0.3904372027282069,70.96758517132862,-0.045914493777,1.610025481053,4.786214046
90,Mol_91,8AOJ-2nd,MAPK1,-6.351720200736272,-2.8991354385047114,3.452584762231561,2.5485928879020543,-4.625427819620492,1.7262923811157804,6.196685668244361,4.625427819620492,0.5792761475050101,-0.23567619051936184,0.1951619535926209,0.43083814411198273,91.39612732385793,-0.025825616328,1.749447866863,4.786214046
91,Mol_92,8AOJ-3rd,MAPK1,-6.051649285436553,-2.6586342455494747,3.393015039887078,3.305688339153181,-4.355141765493014,1.696507519943539,5.590090104101881,4.355141765493014,0.5894462525183978,-0.18538083484761714,0.12596588987647372,0.31134672472409086,100.70135875387155,-0.023936666246,1.848702030397,4.736212487
92,Mol_93,8AOJ-4th,MAPK1,-6.132761033183466,-3.2678816769395658,2.8648793562439003,1.425831608835097,-4.700321355061516,1.4324396781219502,7.71167581374636,4.700321355061516,0.698109676290931,-0.3528182651579872,0.2049398586801433,0.5577581238381305,22.60342860787051,-0.022688372123,1.567091003169,4.6862129
93,Mol_94,8AOJ-5th,MAPK1,-6.343598883841113,-3.0830713431699586,3.2605275406711547,1.9730415894538655,-4.713335113505536,1.6302637703355773,6.813476535650225,4.713335113505536,0.6133976710984368,-0.25423766138492176,0.203093668530969,0.45733132991589076,41.15699719077384,-0.019173721226,1.785503694118,4.6862129
94,Mol_95,8AOJ-6th,MAPK1,-5.784965820851732,-2.8064222442485307,2.9785435766032013,2.6173890638542723,-4.295694032550132,1.4892717883016007,6.195305439288223,4.295694032550132,0.6714691084965912,-0.2515129986472573,0.13568499793588362,0.3871979965831409,62.5288135856795,-0.016574137549,1.514423460886,4.6862129
95,Mol_96,8AOJ-7th,MAPK1,-5.692096020262266,-2.531036671924121,3.161059348338145,4.41438390214297,-4.111566346093193,1.5805296741690724,5.3478837172777345,4.111566346093193,0.6326992883102478,-0.305314340351182,0.16430675209045642,0.4696210924416384,61.4745334453376,-0.018563159218,1.640699758282,4.636213209
96,Mol_97,8AOJ-8th,MAPK1,-7.104994583996367,-2.913972237227649,4.191022346768719,0.7725976136830391,-5.009483410612008,2.0955111733843594,5.9877810149461785,5.009483410612008,0.4772105311111026,-0.17054869720075594,0.12896734682169786,0.2995160440224538,71.39714651681184,-0.012503618872,1.815053514076,4.636213209
97,Mol_98,8AOJ-9th,MAPK1,-6.459203714549517,-3.056901373563706,3.402302340985811,0.6641493891692372,-4.7580525440566115,1.7011511704929054,6.6540423933764705,4.7580525440566115,0.5878372347768787,-0.3533207641230707,0.24037841188451736,0.593699176007588,84.54077600890494,-0.025108106142,1.811973250187,4.586214232
98,Mol_99,8AOJ-cocrys,MAPK1,-6.460636425323613,-1.072651052454712,5.387985372868901,4.339873447685926,-3.7666437388891625,2.6939926864344503,2.6331929420510956,3.7666437388891625,0.3711962564098564,-0.3075314402301874,0.18645008182416678,0.4939815220543542,89.4866132436804,-0.024087389553,2.884861606719,4.536212986
99,Mol_100,CHEMBL10041,MAPK1,-7.868818164404922,-3.805309745744943,4.063508418659978,19.265103779385917,-5.837063955074933,2.031754209329989,8.384704079651126,5.837063955074933,0.49218551900023855,-0.310862690942038,0.23211366510429965,0.5429763560463376,284.8042268001768,-0.103333468069,3.174346923179,4.450000476
100,Mol_101,CHEMBL101083,MAPK1,-7.768750268495434,-3.2999083772486735,4.46884189124676,14.589809103057057,-5.534329322872054,2.23442094562338,6.8538565022841595,5.534329322872054,0.4475432446866051,-0.3354880021607176,0.27092120882639126,0.6064092109871089,289.79485956453556,-0.086940063708,2.902045273952,4.346787486
101,Mol_102,CHEMBL1095097,MAPK1,-6.334174294162312,-1.3227864986693447,5.0113877954929675,4.428345175910758,-3.8284803964158285,2.5056938977464838,2.924791044692735,3.8284803964158285,0.39909104655574973,-0.3151941470829147,0.26803296168232116,0.5832271087652359,184.6381327108691,-0.033087872883,2.891506731584,4.259637311
102,Mol_103,CHEMBL178559,TDP1,-7.392823586156895,-3.518034917980403,3.8747886681764925,17.913590765463827,-5.455429252068649,1.9373943340882462,7.680859750818979,5.455429252068649,0.5161571820486449,-0.32148719449216934,0.29150940433727435,0.6129965988294437,265.39550367590437,-0.102735444735,2.8274312299,9.721
103,Mol_104,CHEMBL178857,TDP1,-5.31113807220866,-1.4599716536299066,3.8511664185787535,4.343392058681394,-3.3855548629192835,1.9255832092893768,2.976236413607484,3.3855548629192835,0.5193231822835862,-0.34508849465176716,0.21539974480149482,0.560488239453262,190.23684801896306,-0.045599197338,2.446694643462,9.585
104,Mol_105,CHEMBL180792,TDP1,-6.910477932574795,-3.0350026049285517,3.8754753276462437,27.051113170752856,-4.972740268751673,1.9377376638231218,6.380674288922132,4.972740268751673,0.5160657289527096,-0.39333347550304865,0.3493832867594566,0.7427167622625053,478.3020548261969,-0.103493123881,2.368326678738,9.222
105,Mol_106,CHEMBL183044,TDP1,-7.116261596674118,-3.2239808682619433,3.8922807284121745,24.55013176042328,-5.170121232468031,1.9461403642060873,6.867478330454624,5.170121232468031,0.5138375516957854,-0.3634626485639778,0.3138222067283216,0.6772848552922994,353.1998280088223,-0.105648160935,2.273844946285,9.131
106,Mol_107,CHEMBL189541,TDP1,-5.116225537241813,-1.9519217566280145,3.1643037806137984,7.147140910110405,-3.534073646934914,1.5821518903068992,3.9470535725672793,3.534073646934914,0.6320505674117194,-0.19550893715811313,0.19209236069723712,0.38760129785535025,58.688731769701995,-0.039939961684,1.632584182306,8.951
107,Mol_108,CHEMBL192587,TDP1,-5.342110361010929,-2.563250354546045,2.7788600064648836,4.99083411297842,-3.952680357778487,1.3894300032324418,5.622335049056133,3.952680357778487,0.7197195955705205,-0.29806110985108525,0.2086285133810586,0.5066896232321438,107.95349965346269,-0.028916004399,1.365999172811,8.77
108,Mol_109,CHEMBL231810,TDP1,-5.665532050557036,-1.7852131439231373,3.8803189066338986,2.564302407198572,-3.7253725972400864,1.9401594533169493,3.576613500643067,3.7253725972400864,0.5154215537750636,-0.20187420590235128,0.24989962999205861,0.4517738358944099,61.10700478802158,-0.029931568648,2.463701640173,8.577
109,Mol_110,CHEMBL234524,TDP1,-5.97669939067597,-2.2791991284919217,3.697500262184048,3.1806736243423845,-4.1279492595839455,1.848750131092024,4.608509501398775,4.1279492595839455,0.540905979224633,-0.25582167900974095,0.20268573914573995,0.4585074181554809,52.62589542355054,-0.028708344409,1.954672127295,8.201
110,Mol_111,CHEMBL242818,TDP1,-6.082426754472585,-2.244237619346368,3.8381891351262167,2.8897933513891623,-4.163332186909477,1.9190945675631084,4.516018957983541,4.163332186909477,0.5210790634824282,-0.2770415539636124,0.21751265730172076,0.49455421126533317,54.42135306458266,-0.02860033855,1.986639013169,7.854
111,Mol_112,CHEMBL284054,TDP1,-5.482945102150077,-1.3267269303939975,4.1562181717560795,1.8270979820591742,-3.404836016272037,2.0781090858780398,2.7892925295605973,3.404836016272037,0.4812066925627638,-0.1915017884036878,0.1892043045954983,0.3807060929991861,59.02809709418658,-0.017298502791,2.753447266217,7.42
112,Mol_113,CHEMBL448651,TDP1,-5.125728235548753,-1.5300536071237143,3.595674628425038,2.6731741488614915,-3.3278909213362335,1.797837314212519,3.0800500959573993,3.3278909213362335,0.5562238541244293,-0.13404274197765353,0.14048516914158427,0.2745279111192378,82.05535725617138,-0.025991920514,1.59550501414,7.215
113,Mol_114,CHEMBL46740,TDP1,-6.801482680968465,-3.433884893818277,3.3675977871501876,24.169835508531254,-5.117683787393371,1.6837988935750938,7.777261122953967,5.117683787393371,0.5938951520966789,-0.3671483872196326,0.29967150604098514,0.6668198932606177,275.7516823281851,-0.10721515221,2.37609529293,7.076
114,Mol_115,CHEMBL5184399,TDP1,-4.881162491260716,-2.032671583084151,2.8484909081765655,13.832320674594715,-3.456917037172434,1.4242454540882827,4.19530052477608,3.456917037172434,0.7021261659143863,-0.3757504256424138,0.210639765801238,0.5863901914436518,331.52280671374183,-0.116789108587,0.918515261525,6.83
115,Mol_116,CHEMBL5196340,TDP1,-8.163669402287812,-4.54223329498357,3.621436107304242,3.8202724706052056,-6.352951348635692,1.810718053652121,11.144747454394714,6.352951348635692,0.5522670953564823,-0.3734541761824808,0.29417900568603716,0.6676331818685179,160.40485171073766,-0.089241672001,2.047314468274,6.699
116,Mol_117,CHEMBL5199803,TDP1,-5.1078083100865594,-2.3601226988862205,2.747685611200339,8.453447867710405,-3.73396550448639,1.3738428056001695,5.0742698989508686,3.73396550448639,0.7278853125872327,-0.38771880359893807,0.20237385493767146,0.5900926585366095,472.03295679243104,-0.106949044442,0.613162181637,6.426
117,Mol_118,CHEMBL81,TDP1,-6.970160794725713,-3.7965745345106745,3.173586260215038,31.868192000565095,-5.383367664618193,1.586793130107519,9.131829115775492,5.383367664618193,0.6302018713253701,-0.3552295238984424,0.24944557386945654,0.604675097767899,440.084526119444,-0.119958390383,1.902598407678,6.096
118,Mol_119,CHEMBL83,TDP1,-7.571539711540052,-3.9297630344873227,3.6417766770527296,25.221212934114998,-5.750651373013687,1.8208883385263648,9.080730134366057,5.750651373013687,0.5491824945231374,-0.37840208580727897,0.25069584115745425,0.6290979269647332,385.3034696030388,-0.096964945611,3.02133717959,5.656
119,Mol_120,Co-cryst_5O1C,TDP1,-1.6127719880135822,1.466180431776164,3.078952419789746,14.096702606440228,-0.07329577811870913,1.539476209894873,0.0017448373204785993,0.07329577811870913,0.6495715838754582,-0.3651433346468025,0.2969438326864111,0.6620871673332136,195.888399586556,-0.105006409551,1.286645160657,5.301
120,Mol_121,Co-cryst_6GGB,TDP1,-7.732335868784245,-4.123934887623828,3.6084009811604174,20.135664933725963,-5.928135378204036,1.8042004905802087,9.739158493137541,5.928135378204036,0.5542621261999614,-0.1736155317893049,0.19851090184693465,0.37212643363623954,355.32471208297426,-0.101105593601,2.459399337329,4.959
121,Mol_122,Co-cryst_6GGC,TDP1,-7.603448491876426,-4.004060520986773,3.5993879708896532,19.00382014923129,-5.803754506431599,1.7996939854448266,9.358137173137132,5.803754506431599,0.5556500205521507,-0.19380602819324544,0.18886717820147014,0.3826732063947156,352.10318001134897,-0.101088878096,2.526039836014,4.699
