row_index,mol_id,mol_name,PIC50,mol2_path,smiles,parse,n_atoms_withH,n_heavy,formal_charge,has_3d,n_frags,mw,note,af_group,prefix,target_guess,target
0,Mol_1,1SJ0-anthra-Active10th,5.613732958,D:\Chua files\Said_mol2_files\1SJ0-anthra-Active10th.mol2,CCc1ccc2c(c1)C(=O)c1ccccc1C2=O,sanitized,30,18,0,1,1,236.27,,7,1SJ0,ESR1,ESR1
1,Mol_2,1SJ0-anthra-Active11th,5.422244027,D:\Chua files\Said_mol2_files\1SJ0-anthra-Active11th.mol2,O=C1c2ccccc2C(=O)c2cc(Cl)ccc21,sanitized,24,17,0,1,1,242.661,,7,1SJ0,ESR1,ESR1
2,Mol_3,1SJ0-anthra-Active12th,5.420216403,D:\Chua files\Said_mol2_files\1SJ0-anthra-Active12th.mol2,Nc1ccc(N)c2c1C(=O)c1ccccc1C2=O,sanitized,28,18,0,1,1,238.246,,7,1SJ0,ESR1,ESR1
3,Mol_4,1SJ0-anthra-Active13th,5.394662625,D:\Chua files\Said_mol2_files\1SJ0-anthra-Active13th.mol2,O=C1c2ccccc2C(=O)c2ccccc21,sanitized,24,16,0,1,1,208.216,,7,1SJ0,ESR1,ESR1
4,Mol_5,1SJ0-anthra-Active14th,5.313301183,D:\Chua files\Said_mol2_files\1SJ0-anthra-Active14th.mol2,O=C1c2cccc(O)c2C(=O)c2c(O)cc(CO)cc21,sanitized,30,20,0,1,1,270.24,,7,1SJ0,ESR1,ESR1
5,Mol_6,1SJ0-anthra-Active15th,5.299997603,D:\Chua files\Said_mol2_files\1SJ0-anthra-Active15th.mol2,O=C(O)c1cc(O)c2c(c1)C(=O)c1cccc(O)c1C2=O,sanitized,29,21,0,1,1,284.223,,7,1SJ0,ESR1,ESR1
6,Mol_7,1SJ0-anthra-Active16th,5.250001023,D:\Chua files\Said_mol2_files\1SJ0-anthra-Active16th.mol2,Cc1cc(O)c2c(c1)C(=O)c1cc(O)cc(O[C@@H]3O[C@H](CO)[C@@H](O)[C@H](O)[C@H]3O)c1C2=O,sanitized,51,31,0,1,1,432.381,,7,1SJ0,ESR1,ESR1
7,Mol_8,1SJ0-anthra-Active17th,5.165579296,D:\Chua files\Said_mol2_files\1SJ0-anthra-Active17th.mol2,[O]N(=O)c1ccc(O)c2c1C(=O)c1c(N([O])=O)ccc(O)c1C2=O,partial_sanitize,30,24,0,1,1,330.208,,7,1SJ0,ESR1,ESR1
8,Mol_9,1SJ0-anthra-Active18th,5.163739197,D:\Chua files\Said_mol2_files\1SJ0-anthra-Active18th.mol2,O=C1c2cccc(O)c2C(=O)c2c(O)cccc21,sanitized,26,18,0,1,1,240.214,,7,1SJ0,ESR1,ESR1
9,Mol_10,1SJ0-anthra-Active19th,5.099999035,D:\Chua files\Said_mol2_files\1SJ0-anthra-Active19th.mol2,O=C1c2ccccc2C(=O)c2cc(O)ccc21,sanitized,25,17,0,1,1,224.215,,7,1SJ0,ESR1,ESR1
10,Mol_11,1SJ0-anthra-Active1st,5.099999035,D:\Chua files\Said_mol2_files\1SJ0-anthra-Active1st.mol2,O=C1c2c(O)ccc(O)c2C(=O)c2c(NCCNCCO)ccc(NCCNCCO)c21,sanitized,60,32,0,1,1,444.488,,7,1SJ0,ESR1,ESR1
11,Mol_12,1SJ0-anthra-Active20th,5.017733291,D:\Chua files\Said_mol2_files\1SJ0-anthra-Active20th.mol2,O=C1c2ccccc2C(=O)c2c(Cl)cccc21,sanitized,24,17,0,1,1,242.661,,7,1SJ0,ESR1,ESR1
12,Mol_13,1SJ0-anthra-Active2nd,5.013743456,D:\Chua files\Said_mol2_files\1SJ0-anthra-Active2nd.mol2,COc1cccc2c1C(=O)c1c(O)c3c(c(O)c1C2=O)C[C@@](O)(C(C)=O)C[C@@H]3O[C@H]1C[C@H](N)[C@H](O)[C@H](C)O1,sanitized,67,38,0,1,1,527.526,,7,1SJ0,ESR1,ESR1
13,Mol_14,1SJ0-anthra-Active3rd,5.008773924,D:\Chua files\Said_mol2_files\1SJ0-anthra-Active3rd.mol2,Cc1ccc2c(c1N)C(=O)c1ccccc1C2=O,sanitized,29,18,0,1,1,237.258,,7,1SJ0,ESR1,ESR1
14,Mol_15,1SJ0-anthra-Active4th,4.973740554,D:\Chua files\Said_mol2_files\1SJ0-anthra-Active4th.mol2,COc1cccc2c1C(=O)c1c(O)c3c(c(O)c1C2=O)C[C@@](O)(C(=O)CO)C[C@@H]3O[C@H]1C[C@H](N)[C@H](O)[C@H](C)O1,sanitized,68,39,0,1,1,543.525,,7,1SJ0,ESR1,ESR1
15,Mol_16,1SJ0-anthra-Active5th,4.925066593,D:\Chua files\Said_mol2_files\1SJ0-anthra-Active5th.mol2,Nc1ccc2c(c1)C(=O)c1ccccc1C2=O,sanitized,26,17,0,1,1,223.231,,7,1SJ0,ESR1,ESR1
16,Mol_17,1SJ0-anthra-Active6th,4.913739855,D:\Chua files\Said_mol2_files\1SJ0-anthra-Active6th.mol2,O=C1c2ccc(O)cc2C(=O)c2ccc(O)cc21,sanitized,26,18,0,1,1,240.214,,7,1SJ0,ESR1,ESR1
17,Mol_18,1SJ0-anthra-Active7th,4.849999245,D:\Chua files\Said_mol2_files\1SJ0-anthra-Active7th.mol2,Cc1ccc2c(c1N([O])=O)C(=O)c1ccccc1C2=O,partial_sanitize,29,20,0,1,1,267.24,,7,1SJ0,ESR1,ESR1
18,Mol_19,1SJ0-anthra-Active8th,4.775065718,D:\Chua files\Said_mol2_files\1SJ0-anthra-Active8th.mol2,Cc1ccc2c(c1)C(=O)c1ccccc1C2=O,sanitized,27,17,0,1,1,222.243,,7,1SJ0,ESR1,ESR1
19,Mol_20,1SJ0-anthra-Active9th,4.701088003,D:\Chua files\Said_mol2_files\1SJ0-anthra-Active9th.mol2,Cc1cc(O)c2c(c1)C(=O)c1cc(O)cc(O)c1C2=O,sanitized,30,20,0,1,1,270.24,,7,1SJ0,ESR1,ESR1
20,Mol_21,1SJ0-cocrystal,4.349999603,D:\Chua files\Said_mol2_files\1SJ0-cocrystal.mol2,Oc1ccc([C@H]2Sc3cc(O)ccc3O[C@H]2c2ccc(OCCN3CCCCC3)cc2)cc1,partial_sanitize,63,33,0,1,1,464.607,,7,1SJ0,ESR1,ESR1
21,Mol_22,2OUZ-cocrystal,4.300000202,D:\Chua files\Said_mol2_files\2OUZ-cocrystal.mol2,Oc1ccc2c(c1)CC[C@H](c1ccccc1)[C@@H]2c1ccc(OCCN2CCCC2)cc1,partial_sanitize,63,31,0,1,1,414.569,,7,2OUZ,ESR1,ESR1
22,Mol_23,3ERT-cocrystal,4.16374173,D:\Chua files\Said_mol2_files\3ERT-cocrystal.mol2,CCC(=C(c1ccc(O)cc1)c1ccc(OCCN(C)C)cc1)c1ccccc1,partial_sanitize,59,29,0,1,1,388.531,,7,3ERT,ESR1,ESR1
23,Mol_24,6GGB-10thActive,4.100000128,D:\Chua files\Said_mol2_files\6GGB-10thActive.mol2,Nc1ccc(N)c2c1C(=O)c1c(N)ccc(N)c1C2=O,sanitized,32,20,0,1,1,268.276,,7,6GGB,TP53,ESR1
24,Mol_25,6GGB-11thActive,4.04999997,D:\Chua files\Said_mol2_files\6GGB-11thActive.mol2,CCC(C)(C)c1ccc2c(c1)C(=O)c1ccccc1C2=O,sanitized,39,21,0,1,1,278.351,,7,6GGB,TP53,ESR1
25,Mol_26,6GGB-12thActive,3.95,D:\Chua files\Said_mol2_files\6GGB-12thActive.mol2,[O]N(=O)c1ccc(O)c2c1C(=O)c1c(N([O])=O)ccc(O)c1C2=O,partial_sanitize,30,24,0,1,1,330.208,,6,6GGB,TP53,TP53
26,Mol_27,6GGB-13thActive,5.59,D:\Chua files\Said_mol2_files\6GGB-13thActive.mol2,N#Cc1[s+]c2c([s+]c1C#N)C(=O)c1ccccc1C2=O,sanitized,24,20,2,1,1,296.332,,7,6GGB,TP53,ESR1
27,Mol_28,6GGB-14thActive,5.39,D:\Chua files\Said_mol2_files\6GGB-14thActive.mol2,CCOP(=O)(OCC)[C@@H](NC(=O)[C@@H](C)Oc1ccc2c(c1O)C(=O)c1ccccc1C2=O)c1ccccc1OC,sanitized,70,40,0,1,1,567.531,,5,6GGB,TP53,TP53
28,Mol_29,6GGB-15thActive,5.499996932,D:\Chua files\Said_mol2_files\6GGB-15thActive.mol2,Cc1cc(O)c2c(c1)C(=O)c1cc(O)cc(O)c1C2=O,sanitized,30,20,0,1,1,270.24,,0,6GGB,TP53,TP53
29,Mol_30,6GGB-16thActive,5.499996932,D:\Chua files\Said_mol2_files\6GGB-16thActive.mol2,O=C1c2ccccc2C(=O)c2c1ccc(O)c2O,sanitized,26,18,0,1,1,240.214,,0,6GGB,TP53,TP53
30,Mol_31,6GGB-17thActive,5.199998172,D:\Chua files\Said_mol2_files\6GGB-17thActive.mol2,Nc1ccc2c(c1)C(=O)c1ccccc1C2=O,sanitized,26,17,0,1,1,223.231,,0,6GGB,TP53,TP53
31,Mol_32,6GGB-18thActive,5.099999035,D:\Chua files\Said_mol2_files\6GGB-18thActive.mol2,Nc1ccc2c(c1Cl)C(=O)c1ccc(N)c(Cl)c1C2=O,sanitized,28,20,0,1,1,307.136,,0,6GGB,TP53,TP53
32,Mol_33,6GGB-19thActive,5.0,D:\Chua files\Said_mol2_files\6GGB-19thActive.mol2,O=C1c2cccc(O)c2C(=O)c2c(O)cccc21,sanitized,26,18,0,1,1,240.214,,0,6GGB,TP53,TP53
33,Mol_34,6GGB-1stActive,5.0,D:\Chua files\Said_mol2_files\6GGB-1stActive.mol2,Nc1ccc(N)c2c1C(=O)c1ccccc1C2=O,sanitized,28,18,0,1,1,238.246,,0,6GGB,TP53,TP53
34,Mol_35,6GGB-20thActive,5.0,D:\Chua files\Said_mol2_files\6GGB-20thActive.mol2,O=C(O)c1cc(O)c2c(c1)C(=O)c1cccc(O)c1C2=O,sanitized,29,21,0,1,1,284.223,,0,6GGB,TP53,TP53
35,Mol_36,6GGB-21stActive,4.949999402,D:\Chua files\Said_mol2_files\6GGB-21stActive.mol2,O=C1c2ccccc2C(=O)c2c1cccc2N1CCOCC1,sanitized,37,22,0,1,1,293.322,,0,6GGB,TP53,TP53
36,Mol_37,6GGB-22ndActive,4.949999402,D:\Chua files\Said_mol2_files\6GGB-22ndActive.mol2,CC(C)(C)c1ccc2c(c1)C(=O)c1ccccc1C2=O,sanitized,36,20,0,1,1,264.324,,0,6GGB,TP53,TP53
37,Mol_38,6GGB-23rdActive,4.899998417,D:\Chua files\Said_mol2_files\6GGB-23rdActive.mol2,Cc1ccc2c(c1N)C(=O)c1ccccc1C2=O,sanitized,29,18,0,1,1,237.258,,0,6GGB,TP53,TP53
38,Mol_39,6GGB-24thActive,4.899998417,D:\Chua files\Said_mol2_files\6GGB-24thActive.mol2,CC(=O)Nc1ccc2c(c1)C(=O)c1ccccc1C2=O,sanitized,31,20,0,1,1,265.268,,0,6GGB,TP53,TP53
39,Mol_40,6GGB-25thActive,4.899998417,D:\Chua files\Said_mol2_files\6GGB-25thActive.mol2,CCc1ccc2c(c1)C(=O)c1ccccc1C2=O,sanitized,30,18,0,1,1,236.27,,0,6GGB,TP53,TP53
40,Mol_41,6GGB-2ndActive,4.849999245,D:\Chua files\Said_mol2_files\6GGB-2ndActive.mol2,Cc1ccc2c(c1N([O])=O)C(=O)c1ccccc1C2=O,partial_sanitize,29,20,0,1,1,267.24,,0,6GGB,TP53,TP53
41,Mol_42,6GGB-3rdActive,4.800000875,D:\Chua files\Said_mol2_files\6GGB-3rdActive.mol2,CCOP(=O)(OCC)[C@@H](NC(=O)[C@@H](C)Oc1ccc2c(c1O)C(=O)c1ccccc1C2=O)c1ccccc1F,sanitized,66,39,0,1,1,555.495,,0,6GGB,TP53,TP53
42,Mol_43,6GGB-4thActive,4.700000504,D:\Chua files\Said_mol2_files\6GGB-4thActive.mol2,O=C1c2c(O)ccc(O)c2C(=O)c2c(NCCNCCO)ccc(NCCNCCO)c21,sanitized,60,32,0,1,1,444.488,,0,6GGB,TP53,TP53
43,Mol_44,6GGB-5thActive,4.700000504,D:\Chua files\Said_mol2_files\6GGB-5thActive.mol2,O=C1c2ccccc2C(=O)c2cc(O)ccc21,sanitized,25,17,0,1,1,224.215,,0,6GGB,TP53,TP53
44,Mol_45,6GGB-6thActive,4.550000452,D:\Chua files\Said_mol2_files\6GGB-6thActive.mol2,O=C1c2ccc(O)c(O)c2C(=O)c2c(O)ccc(O)c21,sanitized,28,20,0,1,1,272.212,,0,6GGB,TP53,TP53
45,Mol_46,6GGB-7thActive,4.550000452,D:\Chua files\Said_mol2_files\6GGB-7thActive.mol2,CNc1cccc2c1C(=O)c1ccccc1C2=O,sanitized,29,18,0,1,1,237.258,,0,6GGB,TP53,TP53
46,Mol_47,6GGB-8thActive,4.550000452,D:\Chua files\Said_mol2_files\6GGB-8thActive.mol2,CCOP(=O)(OCC)[C@H](NC(=O)[C@@H](C)Oc1ccc2c(c1O)C(=O)c1ccccc1C2=O)c1cccc2ccccc12,sanitized,72,42,0,1,1,587.565,,0,6GGB,TP53,TP53
47,Mol_48,6GGB-9thActive,4.096910013,D:\Chua files\Said_mol2_files\6GGB-9thActive.mol2,O=C1c2cccc(O)c2C(=O)c2c(O)cc(CO)cc21,sanitized,30,20,0,1,1,270.24,,0,6GGB,TP53,TP53
48,Mol_49,6N0D-Active_13th,5.11,D:\Chua files\Said_mol2_files\6N0D-Active_13th.mol2,O=C1c2ccccc2C(=O)c2c1cccc2N1CCCC1,sanitized,36,21,0,1,1,277.323,,0,6N0D,TDP1,TP53
49,Mol_50,6N0D-Active_15th,9.602,D:\Chua files\Said_mol2_files\6N0D-Active_15th.mol2,[H]/N=C1/CC/C(=N\[H])c2c1c(O)c1ccccc1c2O,sanitized,30,18,0,1,1,240.262,,1,6N0D,TDP1,TDP1
50,Mol_51,6N0D-Active_19th,7.959,D:\Chua files\Said_mol2_files\6N0D-Active_19th.mol2,COc1ccc(/C=C/C(=O)c2cc(C(=O)/C=C/c3ccc(OC)cc3)c(O)cc2O)cc1,sanitized,54,32,0,1,1,430.456,,2,6N0D,TDP1,TDP1
51,Mol_52,6N0D-Active_1st,9.097,D:\Chua files\Said_mol2_files\6N0D-Active_1st.mol2,O=C1c2c(O)ccc(O)c2C(=O)c2c(NCCNCCO)ccc(NCCNCCO)c21,sanitized,60,32,0,1,1,444.488,,4,6N0D,TDP1,TDP1
52,Mol_53,6N0D-Active_22nd,8.091514981,D:\Chua files\Said_mol2_files\6N0D-Active_22nd.mol2,COc1ccc(/C=C/C(=O)c2ccccc2)c(OC)c1,sanitized,36,20,0,1,1,268.312,,4,6N0D,TDP1,TDP1
53,Mol_54,6N0D-Active_23rd,7.625251654,D:\Chua files\Said_mol2_files\6N0D-Active_23rd.mol2,O=C(/C=C/c1ccccc1)c1ccc(O)c(O)c1O,sanitized,31,19,0,1,1,256.257,,4,6N0D,TDP1,TDP1
54,Mol_55,6N0D-Active_25th,6.809948582,D:\Chua files\Said_mol2_files\6N0D-Active_25th.mol2,COc1ccc(C(=O)/C=C/c2ccc(O)cc2)c(O)c1CC=C(C)C,sanitized,47,25,0,1,1,338.403,,4,6N0D,TDP1,TDP1
55,Mol_56,6N0D-Active_26th,6.664542099,D:\Chua files\Said_mol2_files\6N0D-Active_26th.mol2,O=C1c2ccccc2C(=O)c2cc(S(=O)(=O)Nc3ccccc3)ccc21,sanitized,39,26,0,1,1,363.394,,4,6N0D,TDP1,TDP1
56,Mol_57,6N0D-Active_29th,6.571703186,D:\Chua files\Said_mol2_files\6N0D-Active_29th.mol2,COc1cc(O)cc(O)c1C(=O)/C=C/c1ccccc1,sanitized,34,20,0,1,1,270.284,,4,6N0D,TDP1,TDP1
57,Mol_58,6N0D-Active_2nd,6.508638306,D:\Chua files\Said_mol2_files\6N0D-Active_2nd.mol2,O=C1c2cccc(NCCNCCO)c2C(=O)c2cccc(NCCNCCO)c21,sanitized,58,30,0,1,1,412.49,,4,6N0D,TDP1,TDP1
58,Mol_59,6N0D-Active_31st,6.268491816,D:\Chua files\Said_mol2_files\6N0D-Active_31st.mol2,COc1ccc(/C=C/C(=O)c2ccc(O)cc2O)cc1OC,sanitized,38,22,0,1,1,300.31,,4,6N0D,TDP1,TDP1
59,Mol_60,6N0D-Active_36th,6.161654731,D:\Chua files\Said_mol2_files\6N0D-Active_36th.mol2,CC(C)(C)c1ccc2c(c1)C(=O)c1ccccc1C2=O,sanitized,36,20,0,1,1,264.324,,4,6N0D,TDP1,TDP1
60,Mol_61,6N0D-Active_38th,6.113509275,D:\Chua files\Said_mol2_files\6N0D-Active_38th.mol2,Cc1ccc(N2CCOCC2)c2c1C(=O)c1ccccc1C2=O,sanitized,40,23,0,1,1,307.349,,4,6N0D,TDP1,TDP1
61,Mol_62,6N0D-Active_3rd,6.110082317,D:\Chua files\Said_mol2_files\6N0D-Active_3rd.mol2,Oc1cc(O)cc(/C=C/c2ccc(O)c(O)c2)c1,sanitized,30,18,0,1,1,244.246,,4,6N0D,TDP1,TDP1
62,Mol_63,6N0D-Active_40th,5.969764704,D:\Chua files\Said_mol2_files\6N0D-Active_40th.mol2,O=C(/C=C/c1ccc(O)cc1O)c1ccccc1,sanitized,30,18,0,1,1,240.258,,4,6N0D,TDP1,TDP1
63,Mol_64,6N0D-Active_48th,5.663740448,D:\Chua files\Said_mol2_files\6N0D-Active_48th.mol2,O=C1c2ccccc2C(=O)c2cc(N3CCCCC3)ccc21,sanitized,39,22,0,1,1,291.35,,4,6N0D,TDP1,TDP1
64,Mol_65,6N0D-Active_4th,5.536390664,D:\Chua files\Said_mol2_files\6N0D-Active_4th.mol2,COc1ccc(/C=C/C(=O)c2ccc(OC)cc2O)cc1,sanitized,37,21,0,1,1,284.311,,4,6N0D,TDP1,TDP1
65,Mol_66,6N0D-Active_52th,5.399996913,D:\Chua files\Said_mol2_files\6N0D-Active_52th.mol2,[O]N(=O)c1ccc(O)c2c1C(=O)c1ccccc1C2=O,partial_sanitize,27,20,0,1,1,269.212,,4,6N0D,TDP1,TDP1
66,Mol_67,6N0D-Active_56th,5.347395925,D:\Chua files\Said_mol2_files\6N0D-Active_56th.mol2,CC1(C)CCCN(C(=O)c2ccc3c(c2NCCO)C(=O)c2ccccc2C3=O)C1,sanitized,56,30,0,1,1,406.482,,4,6N0D,TDP1,TDP1
67,Mol_68,6N0D-Active_59th,5.244125144,D:\Chua files\Said_mol2_files\6N0D-Active_59th.mol2,C=C(C)[C@@H](O)CC/C(C)=C/Cc1c(O)ccc(C(=O)/C=C/c2ccc(O)cc2)c1O,sanitized,58,30,0,1,1,408.494,,4,6N0D,TDP1,TDP1
68,Mol_69,6N0D-Active_62th,5.050000457,D:\Chua files\Said_mol2_files\6N0D-Active_62th.mol2,CN(C)c1cccc2c1C(=O)c1ccccc1C2=O,sanitized,32,19,0,1,1,251.285,,4,6N0D,TDP1,TDP1
69,Mol_70,6N0D-Active_67th,5.021230243,D:\Chua files\Said_mol2_files\6N0D-Active_67th.mol2,O=C(/C=C/c1ccccc1F)c1ccccc1,sanitized,28,17,0,1,1,226.25,,4,6N0D,TDP1,TDP1
70,Mol_71,6N0D-Active_6th,5.013299908,D:\Chua files\Said_mol2_files\6N0D-Active_6th.mol2,O=C1c2cccc(NCCCNCCO)c2C(=O)c2cccc(NCCCNCCO)c21,sanitized,64,32,0,1,1,440.544,,4,6N0D,TDP1,TDP1
71,Mol_72,6N0D-Active_72th,4.889800994,D:\Chua files\Said_mol2_files\6N0D-Active_72th.mol2,CN(C)c1cc2c(c(N(C)C)c1)C(=O)c1ccccc1C2=O,sanitized,40,22,0,1,1,294.354,,4,6N0D,TDP1,TDP1
72,Mol_73,6N0D-Active_76th,7.586700236,D:\Chua files\Said_mol2_files\6N0D-Active_76th.mol2,CNc1cccc2c1C(=O)c1ccccc1C2=O,sanitized,29,18,0,1,1,237.258,,3,6N0D,TDP1,MAPK1
73,Mol_74,6N0D-Active_7th,6.436163081,D:\Chua files\Said_mol2_files\6N0D-Active_7th.mol2,COc1cc(/C=C/C(=O)c2cc(OC)c(OC)c(OC)c2)cc(OC)c1OC,sanitized,52,28,0,1,1,388.416,,3,6N0D,TDP1,MAPK1
74,Mol_75,6N0D-Active_80th,6.186218922,D:\Chua files\Said_mol2_files\6N0D-Active_80th.mol2,O=C1c2ccccc2C(=O)c2c1ccc(C[n+]1[cH]c(-c3cccc(C(F)(F)F)c3)nn1)c2,unsanitized,46,32,1,1,1,433.389,sanitize failed: Can't kekulize mol.  Unkekulized atoms: 17 18 19 20 21,3,6N0D,TDP1,MAPK1
75,Mol_76,6N0D-Active_81st,5.286215547,D:\Chua files\Said_mol2_files\6N0D-Active_81st.mol2,COc1cc(O)ccc1/C=C/C(=O)c1ccc(O)cc1,sanitized,34,20,0,1,1,270.284,,3,6N0D,TDP1,MAPK1
76,Mol_77,6N0D-Active_82th,5.236212739,D:\Chua files\Said_mol2_files\6N0D-Active_82th.mol2,O=C(/C=C/c1ccc(O)cc1)c1ccc(O)cc1O,sanitized,31,19,0,1,1,256.257,,3,6N0D,TDP1,MAPK1
77,Mol_78,6N0D-Active_9th,5.136213347,D:\Chua files\Said_mol2_files\6N0D-Active_9th.mol2,COc1ccc(C(=O)/C=C/c2ccc(N(C)C)cc2)c(OC)c1,sanitized,44,23,0,1,1,311.381,,3,6N0D,TDP1,MAPK1
78,Mol_79,8AOJ-10th,5.08621263,D:\Chua files\Said_mol2_files\8AOJ-10th.mol2,O=C1c2ccccc2C(=O)c2c(O)c(O)cc(O)c21,sanitized,27,19,0,1,1,256.213,,3,8AOJ,MAPK1,MAPK1
79,Mol_80,8AOJ-11th,5.036212173,D:\Chua files\Said_mol2_files\8AOJ-11th.mol2,CN(C)c1cccc2c1C(=O)c1ccccc1C2=O,sanitized,32,19,0,1,1,251.285,,3,8AOJ,MAPK1,MAPK1
80,Mol_81,8AOJ-12th,4.986215108,D:\Chua files\Said_mol2_files\8AOJ-12th.mol2,O=C1c2c(O)ccc(O)c2C(=O)c2c(NCCNCCO)ccc(NCCNCCO)c21,sanitized,60,32,0,1,1,444.488,,3,8AOJ,MAPK1,MAPK1
81,Mol_82,8AOJ-13th,4.949999402,D:\Chua files\Said_mol2_files\8AOJ-13th.mol2,O=C1c2ccccc2C(=O)c2c(Nc3ccc(CCO)cc3)ccc(O)c21,sanitized,44,27,0,1,1,359.381,,3,8AOJ,MAPK1,MAPK1
82,Mol_83,8AOJ-14th,4.93621269,D:\Chua files\Said_mol2_files\8AOJ-14th.mol2,Cc1ccc2c(c1N)C(=O)c1ccccc1C2=O,sanitized,29,18,0,1,1,237.258,,3,8AOJ,MAPK1,MAPK1
83,Mol_84,8AOJ-15th,4.93621269,D:\Chua files\Said_mol2_files\8AOJ-15th.mol2,COc1ccc(N)c2c1C(=O)c1ccccc1C2=O,sanitized,30,19,0,1,1,253.257,,3,8AOJ,MAPK1,MAPK1
84,Mol_85,8AOJ-16th,4.88621369,D:\Chua files\Said_mol2_files\8AOJ-16th.mol2,O=C1c2ccccc2C(=O)c2cc(S(=O)(=O)Nc3ccccc3)ccc21,sanitized,39,26,0,1,1,363.394,,3,8AOJ,MAPK1,MAPK1
85,Mol_86,8AOJ-17th,4.83621269,D:\Chua files\Said_mol2_files\8AOJ-17th.mol2,Nc1c(O)ccc2c1C(=O)c1ccccc1C2=O,sanitized,27,18,0,1,1,239.23,,3,8AOJ,MAPK1,MAPK1
86,Mol_87,8AOJ-18th,4.83621269,D:\Chua files\Said_mol2_files\8AOJ-18th.mol2,Nc1c(C(=O)O)ccc2c1C(=O)c1ccccc1C2=O,sanitized,29,20,0,1,1,267.24,,3,8AOJ,MAPK1,MAPK1
87,Mol_88,8AOJ-19th,4.83621269,D:\Chua files\Said_mol2_files\8AOJ-19th.mol2,O=C1c2ccccc2C(=O)c2c(NCCCN(CCO)CCO)cccc21,sanitized,51,27,0,1,1,368.433,,3,8AOJ,MAPK1,MAPK1
88,Mol_89,8AOJ-1st,4.786214046,D:\Chua files\Said_mol2_files\8AOJ-1st.mol2,O=C1c2cccc(O)c2C(=O)c2c(O)cccc21,sanitized,26,18,0,1,1,240.214,,3,8AOJ,MAPK1,MAPK1
89,Mol_90,8AOJ-20th,4.786214046,D:\Chua files\Said_mol2_files\8AOJ-20th.mol2,O=C(O)c1cc(O)c2c(c1)C(=O)c1cccc(O)c1C2=O,sanitized,29,21,0,1,1,284.223,,3,8AOJ,MAPK1,MAPK1
90,Mol_91,8AOJ-2nd,4.786214046,D:\Chua files\Said_mol2_files\8AOJ-2nd.mol2,Cc1cc(O)c2c(c1)C(=O)c1cccc(O)c1C2=O,sanitized,29,19,0,1,1,254.241,,3,8AOJ,MAPK1,MAPK1
91,Mol_92,8AOJ-3rd,4.736212487,D:\Chua files\Said_mol2_files\8AOJ-3rd.mol2,Nc1ccc2c(c1)C(=O)c1ccccc1C2=O,sanitized,26,17,0,1,1,223.231,,3,8AOJ,MAPK1,MAPK1
92,Mol_93,8AOJ-4th,4.6862129,D:\Chua files\Said_mol2_files\8AOJ-4th.mol2,O=C1c2ccc(O)c(O)c2C(=O)c2c(O)ccc(O)c21,sanitized,28,20,0,1,1,272.212,,3,8AOJ,MAPK1,MAPK1
93,Mol_94,8AOJ-5th,4.6862129,D:\Chua files\Said_mol2_files\8AOJ-5th.mol2,O=C1c2ccccc2C(=O)c2c1ccc(O)c2O,sanitized,26,18,0,1,1,240.214,,3,8AOJ,MAPK1,MAPK1
94,Mol_95,8AOJ-6th,4.6862129,D:\Chua files\Said_mol2_files\8AOJ-6th.mol2,CNc1cccc2c1C(=O)c1ccccc1C2=O,sanitized,29,18,0,1,1,237.258,,3,8AOJ,MAPK1,MAPK1
95,Mol_96,8AOJ-7th,4.636213209,D:\Chua files\Said_mol2_files\8AOJ-7th.mol2,O=C1c2ccccc2C(=O)c2c1cccc2N1CCCC1,sanitized,36,21,0,1,1,277.323,,3,8AOJ,MAPK1,MAPK1
96,Mol_97,8AOJ-8th,4.636213209,D:\Chua files\Said_mol2_files\8AOJ-8th.mol2,CCc1ccc2c(c1)C(=O)c1ccccc1C2=O,sanitized,30,18,0,1,1,236.27,,3,8AOJ,MAPK1,MAPK1
97,Mol_98,8AOJ-9th,4.586214232,D:\Chua files\Said_mol2_files\8AOJ-9th.mol2,Cc1cc(O)c2c(c1)C(=O)c1cc(O)cc(O)c1C2=O,sanitized,30,20,0,1,1,270.24,,3,8AOJ,MAPK1,MAPK1
98,Mol_99,8AOJ-cocrys,4.536212986,D:\Chua files\Said_mol2_files\8AOJ-cocrys.mol2,CCC(=O)N1CCC[C@H]1c1c(-c2ccncc2)n[nH+]c1C,unsanitized,41,21,1,1,1,284.363,sanitize failed: Can't kekulize mol.  Unkekulized atoms: 9 10 12 13 14,3,8AOJ,MAPK1,MAPK1
99,Mol_100,CHEMBL10041,4.450000476,D:\Chua files\Said_mol2_files\CHEMBL10041.mol2,CCC(=C(c1ccccc1)c1ccc(OCCN(C)C)cc1)c1ccc(O)cc1,partial_sanitize,59,29,0,1,1,388.531,,3,CHEMBL,,MAPK1
100,Mol_101,CHEMBL101083,4.346787486,D:\Chua files\Said_mol2_files\CHEMBL101083.mol2,C[C@@]1(c2ccc(OCCN3CCCCC3)cc2)c2ccc(O)cc2CCN1c1ccc(F)cc1,partial_sanitize,68,34,0,1,1,461.601,,3,CHEMBL,,MAPK1
101,Mol_102,CHEMBL1095097,4.259637311,D:\Chua files\Said_mol2_files\CHEMBL1095097.mol2,COC(=O)[C@@H]1CC2=CC(=O)CC[C@]2(C)[C@@]23O[C@@H]2C[C@@]2(C)[C@@H](CC[C@@]24CCC(=O)O4)[C@H]13,sanitized,60,30,0,1,1,414.498,,3,CHEMBL,,MAPK1
102,Mol_103,CHEMBL178559,9.721,D:\Chua files\Said_mol2_files\CHEMBL178559.mol2,CC[C@@H]1c2cc(O)ccc2O[C@@H](c2ccc(OCCN3CCCCC3)cc2)[C@H]1c1ccc(O)cc1,partial_sanitize,71,35,0,1,1,474.621,,4,CHEMBL,,TDP1
103,Mol_104,CHEMBL178857,9.585,D:\Chua files\Said_mol2_files\CHEMBL178857.mol2,O=C(c1ccc(N2CCN(C(=O)c3ccco3)CC2)cc1)c1c(-c2ccc(O)cc2)sc2cc(O)ccc12,sanitized,62,38,0,1,1,524.598,,4,CHEMBL,,TDP1
104,Mol_105,CHEMBL180792,9.222,D:\Chua files\Said_mol2_files\CHEMBL180792.mol2,C[C@H](COc1ccc([C@@H]2Oc3ccc(O)cc3S[C@@H]2c2ccc(O)cc2)cc1)N1CCCC1,partial_sanitize,63,33,0,1,1,464.607,,4,CHEMBL,,TDP1
105,Mol_106,CHEMBL183044,9.131,D:\Chua files\Said_mol2_files\CHEMBL183044.mol2,C[C@H](CN1CCCC1)Oc1ccc([C@@H]2Oc3ccc(O)cc3S[C@@H]2c2ccc(O)cc2)cc1,partial_sanitize,63,33,0,1,1,464.607,,4,CHEMBL,,TDP1
106,Mol_107,CHEMBL189541,8.951,D:\Chua files\Said_mol2_files\CHEMBL189541.mol2,NC1=C(c2ccc(O)cc2)C(=O)c2cc(O)ccc21,sanitized,30,19,0,1,1,253.257,,4,CHEMBL,,TDP1
107,Mol_108,CHEMBL192587,8.77,D:\Chua files\Said_mol2_files\CHEMBL192587.mol2,COc1cc(O)cc2c1C(Br)=C(c1ccc(O)cc1)C2=O,sanitized,32,21,0,1,1,347.164,,4,CHEMBL,,TDP1
108,Mol_109,CHEMBL231810,8.577,D:\Chua files\Said_mol2_files\CHEMBL231810.mol2,O/N=C/c1ccc(-c2ccc(O)c(F)c2)c2ccccc12,sanitized,33,21,0,1,1,281.286,,4,CHEMBL,,TDP1
109,Mol_110,CHEMBL234524,8.201,D:\Chua files\Said_mol2_files\CHEMBL234524.mol2,O=C1c2ccc(O)cc2C(=O)N1c1ccc(O)cc1,sanitized,28,19,0,1,1,255.229,,4,CHEMBL,,TDP1
110,Mol_111,CHEMBL242818,7.854,D:\Chua files\Said_mol2_files\CHEMBL242818.mol2,Cc1cc(O)ccc1N1C(=O)c2ccc(O)cc2C1=O,sanitized,31,20,0,1,1,269.256,,4,CHEMBL,,TDP1
111,Mol_112,CHEMBL284054,7.42,D:\Chua files\Said_mol2_files\CHEMBL284054.mol2,Oc1cccc(-c2cc3ccc(O)cc3s2)c1,sanitized,27,17,0,1,1,242.299,,4,CHEMBL,,TDP1
112,Mol_113,CHEMBL448651,7.215,D:\Chua files\Said_mol2_files\CHEMBL448651.mol2,NC(=[NH2+])[N-]/N=C/C1=C(Cl)c2ccccc2CC1,sanitized,30,17,0,1,1,248.717,,4,CHEMBL,,TDP1
113,Mol_114,CHEMBL46740,7.076,D:\Chua files\Said_mol2_files\CHEMBL46740.mol2,Cc1c(-c2ccc(O)cc2)n(Cc2ccc(OCCN3CCCCCC3)cc2)c2ccc(O)cc12,partial_sanitize,70,35,0,1,1,471.621,,4,CHEMBL,,TDP1
114,Mol_115,CHEMBL5184399,6.83,D:\Chua files\Said_mol2_files\CHEMBL5184399.mol2,Cc1=c(OCC[N@@H]2CCC=C(c(o)o)C2)-c=c-c(N2Nc3=c-c(O)=c-c=c-3-c3=c2-c2=c-c=c(O)-c=c-2-o-c-3=O)=c-1,unsanitized,67,40,0,1,1,541.56,sanitize failed: non-ring atom 0 marked aromatic,4,CHEMBL,,TDP1
115,Mol_116,CHEMBL5196340,6.699,D:\Chua files\Said_mol2_files\CHEMBL5196340.mol2,O=C(COCN1CCCCC1)CN1Nc2c(c(=O)oc3cc(O)ccc23)-c2ccc(O)cc21,partial_sanitize,59,33,0,1,1,452.487,,4,CHEMBL,,TDP1
116,Mol_117,CHEMBL5199803,6.426,D:\Chua files\Said_mol2_files\CHEMBL5199803.mol2,CC1=C(OCC[N@@H]2CCC=C(c(o)o)C2)C=CC(C(=O)CNC2=C(C3=CC=C(O)C=C3)C(=O)OC3=CC(O)=CC=C32)=C1,unsanitized,72,42,0,1,1,570.598,sanitize failed: non-ring atom 39 marked aromatic,4,CHEMBL,,TDP1
117,Mol_118,CHEMBL81,6.096,D:\Chua files\Said_mol2_files\CHEMBL81.mol2,O=C(c1ccc(OCCN2CCCCC2)cc1)c1c(-c2ccc(O)cc2)sc2cc(O)ccc12,partial_sanitize,62,34,0,1,1,474.602,,4,CHEMBL,,TDP1
118,Mol_119,CHEMBL83,5.656,D:\Chua files\Said_mol2_files\CHEMBL83.mol2,CCC(=C(c1ccccc1)c1ccc(OCCN(C)C)cc1)c1ccccc1,partial_sanitize,58,28,0,1,1,372.532,,4,CHEMBL,,TDP1
119,Mol_120,Co-cryst_5O1C,5.301,D:\Chua files\Said_mol2_files\Co-cryst_5O1C.mol2,oc(o)C1=c-c(-c2=c-c=c(F)-c=c-2)=C(N2C=CC=C2)C(I)=C1O,unsanitized,33,23,0,1,1,422.173,sanitize failed: non-ring atom 11 marked aromatic,4,Co-cryst,,TDP1
120,Mol_121,Co-cryst_6GGB,4.959,D:\Chua files\Said_mol2_files\Co-cryst_6GGB.mol2,CCn1c2ccc(C[NH2]C)cc2c2ccc(-c3cccs3)cc21,partial_sanitize,44,23,0,1,1,321.469,,4,Co-cryst,,TDP1
121,Mol_122,Co-cryst_6GGC,4.699,D:\Chua files\Said_mol2_files\Co-cryst_6GGC.mol2,CCn1c2ccc(C[NH2]C)cc2c2ccc(-c3ccco3)cc21,partial_sanitize,44,23,0,1,1,305.401,,4,Co-cryst,,TDP1
