dataset,dataset_label,split_regime,random_state,selection,model,subset,n,r2,mse,rmse,mae,pearson_r,spearman_rho,r2_ci_lo,r2_ci_hi,w_new,n_features,n_components,n_rows,seconds
md272,MD + AlphaFold + MACCS (272),random,1,cv_r2,nusvr,train,84,0.826414115867023,0.3009338695604311,0.5485743974707816,0.315943983749907,0.9324508706497836,0.909466459499897,,,0.3785716981995239,272,19,122,123.9
md272,MD + AlphaFold + MACCS (272),random,1,cv_r2,nusvr,cv,84,0.6603649181557756,0.5888019059174134,0.7673342856391948,0.5684568464319548,0.8235472863268192,0.6613003670476022,,,0.3785716981995239,272,19,122,123.9
md272,MD + AlphaFold + MACCS (272),random,1,cv_r2,nusvr,test,25,0.575062625451398,0.8366168478580449,0.9146676160540752,0.6693084183166911,0.8028778833990353,0.3750721361937999,-0.938182067380238,0.712490034449432,0.3785716981995239,272,19,122,123.9
md272,MD + AlphaFold + MACCS (272),random,1,cv_r2,nusvr,holdout,13,0.8144495456668768,0.341130961317505,0.5840641756840639,0.4779950733891773,0.9182724259307348,0.8170571691028833,0.1506855511252607,0.9128512225445136,0.3785716981995239,272,19,122,123.9
md272,MD + AlphaFold + MACCS (272),random,1,cv_r2,dnn,train,84,0.0846561569492616,1.586868460205886,1.259709672982583,1.1030672865977256,0.9121553294476032,0.8332953655170893,,,0.5256357692037557,272,19,122,123.9
md272,MD + AlphaFold + MACCS (272),random,1,cv_r2,dnn,cv,84,-7.841181979642322,15.32734713949166,3.9150155988822894,3.398251202158993,0.3690662020486412,0.3064157672739206,,,0.5256357692037557,272,19,122,123.9
md272,MD + AlphaFold + MACCS (272),random,1,cv_r2,dnn,test,25,-0.3218027215556409,2.6023656487565203,1.6131849394153543,1.4412629700316018,0.6950473254628932,0.3019811558073157,-12.30114482774058,0.3098625964278446,0.5256357692037557,272,19,122,123.9
md272,MD + AlphaFold + MACCS (272),random,1,cv_r2,dnn,holdout,13,0.1635789749732594,1.537744056510294,1.2400580859420631,1.0312050309650505,0.8979484382438708,0.7702895870330213,-3.978641263680224,0.6773439567651474,0.5256357692037557,272,19,122,123.9
md272,MD + AlphaFold + MACCS (272),random,1,cv_r2,hybrid,train,84,0.8704323745107638,0.2246224518945501,0.4739435112906918,0.3324202461319281,0.9355846090306682,0.9135468730151264,,,0.3601423422654757,272,19,122,123.9
md272,MD + AlphaFold + MACCS (272),random,1,cv_r2,hybrid,cv,84,0.6252072748178314,0.6497522862271856,0.8060721346301369,0.6116247793309993,0.7916521942848791,0.6424575641894331,,,0.3601423422654757,272,19,122,123.9
md272,MD + AlphaFold + MACCS (272),random,1,cv_r2,hybrid,test,25,0.6216670144558858,0.7448621109001518,0.8630539443743663,0.6722293078833975,0.8012158691842499,0.3635314550801445,-1.5850821925216558,0.7860091968678823,0.3601423422654757,272,19,122,123.9
md272,MD + AlphaFold + MACCS (272),random,1,cv_r2,hybrid,holdout,13,0.835616460287022,0.3022159936422861,0.5497417517728539,0.4638184761199287,0.9185441882639218,0.8033019979058651,0.0257686236370072,0.943674958772662,0.3601423422654757,272,19,122,123.9
md272,MD + AlphaFold + MACCS (272),structure_disjoint,1,cv_r2,nusvr,train,84,0.6330258849907147,0.7482269209436548,0.8650011103713422,0.6772409098050839,0.7957190239260116,0.6466797290426608,,,0.5084178448966854,272,15,122,119.4
md272,MD + AlphaFold + MACCS (272),structure_disjoint,1,cv_r2,nusvr,cv,84,0.5721678675313666,0.8723108962321872,0.93397585420191,0.6874055985478481,0.7658558826589635,0.6099661325011666,,,0.5084178448966854,272,15,122,119.4
md272,MD + AlphaFold + MACCS (272),structure_disjoint,1,cv_r2,nusvr,test,25,0.6267462527527935,0.4250972809530613,0.6519948473362818,0.4909602405714183,0.8048603034241814,0.6115384615384616,-0.8469847958205078,0.872710939491199,0.5084178448966854,272,15,122,119.4
md272,MD + AlphaFold + MACCS (272),structure_disjoint,1,cv_r2,nusvr,holdout,13,0.6849184584864267,0.3452346289895453,0.5875667017365308,0.4259061503511104,0.8692907745963598,0.43741444406518,-3.179401658974612,0.932576913660202,0.5084178448966854,272,15,122,119.4
md272,MD + AlphaFold + MACCS (272),structure_disjoint,1,cv_r2,dnn,train,84,0.1004116782890771,1.8341789585175583,1.3543186325667822,1.2287797568324357,0.9191921961576148,0.7712892802385151,,,0.3503459848655889,272,15,122,119.4
md272,MD + AlphaFold + MACCS (272),structure_disjoint,1,cv_r2,dnn,cv,84,-3.3931590467034907,8.957252657036978,2.992866962802887,2.472235915694532,0.5913254103560033,0.4897609978788229,,,0.3503459848655889,272,15,122,119.4
md272,MD + AlphaFold + MACCS (272),structure_disjoint,1,cv_r2,dnn,test,25,-0.2247104202835281,1.394818065343094,1.181024159508642,1.0436194779079346,0.7531177368705457,0.4923076923076923,-3.742106047875398,0.3856583896278701,0.3503459848655889,272,15,122,119.4
md272,MD + AlphaFold + MACCS (272),structure_disjoint,1,cv_r2,dnn,holdout,13,-0.4829372703641452,1.6248533503092568,1.2746973563592483,1.2348053861732649,0.8879136700976726,0.70151373104793,-17.043459796942795,0.2620141716898539,0.3503459848655889,272,15,122,119.4
md272,MD + AlphaFold + MACCS (272),structure_disjoint,1,cv_r2,hybrid,train,84,0.7053458352587614,0.6007731047242473,0.7750955455453523,0.6222382739727179,0.8530377754458226,0.6864308542555415,,,0.3769862521331574,272,15,122,119.4
md272,MD + AlphaFold + MACCS (272),structure_disjoint,1,cv_r2,hybrid,cv,84,0.4535999067103627,1.1140602093831238,1.055490506533869,0.8302706107083524,0.7079876886806672,0.5784062096054586,,,0.3769862521331574,272,15,122,119.4
md272,MD + AlphaFold + MACCS (272),structure_disjoint,1,cv_r2,hybrid,test,25,0.5657951643032977,0.4945142450481328,0.7032170682286749,0.5061089721633213,0.8114057839584425,0.6238461538461538,-1.3330937695072065,0.8908529051448905,0.3769862521331574,272,15,122,119.4
md272,MD + AlphaFold + MACCS (272),structure_disjoint,1,cv_r2,hybrid,holdout,13,0.5747287018046117,0.4659694698302802,0.6826195644942212,0.4868770685316051,0.8994115727324987,0.4869330603744456,-3.295118497497372,0.830013727068883,0.3769862521331574,272,15,122,119.4
md272_clean,"MD + AlphaFold + MACCS, outliers removed (272)",random,1,cv_r2,nusvr,train,80,0.8577672018007086,0.2577938972782726,0.5077340812652551,0.312583062709605,0.9412594386133252,0.866385752605875,,,0.3559261803910213,272,15,115,125.1
md272_clean,"MD + AlphaFold + MACCS, outliers removed (272)",random,1,cv_r2,nusvr,cv,80,0.629844919245495,0.6708981477770927,0.8190837245221594,0.6043200732383862,0.8138025781398911,0.590940791551746,,,0.3559261803910213,272,15,115,125.1
md272_clean,"MD + AlphaFold + MACCS, outliers removed (272)",random,1,cv_r2,nusvr,test,23,0.6515049384101088,0.8632093126282628,0.929090583650627,0.6415870518914134,0.8245391348324924,0.7244872966417546,0.3768828884814349,0.8660839705299853,0.3559261803910213,272,15,115,125.1
md272_clean,"MD + AlphaFold + MACCS, outliers removed (272)",random,1,cv_r2,nusvr,holdout,12,0.6203756178066642,0.2787790171600988,0.5279952813805241,0.4215071021929711,0.8400640474737063,0.8251748251748254,-0.6120242976276028,0.813715753562901,0.3559261803910213,272,15,115,125.1
md272_clean,"MD + AlphaFold + MACCS, outliers removed (272)",random,1,cv_r2,dnn,train,80,-0.1952377949546189,2.166342877568272,1.4718501545905656,1.3665629408590425,0.9052741758222704,0.7959304478868806,,,0.4093752293074101,272,15,115,125.1
md272_clean,"MD + AlphaFold + MACCS, outliers removed (272)",random,1,cv_r2,dnn,cv,80,-6.031419761388148,12.744297564531385,3.569915624287412,3.118286355697077,0.4305478283039576,0.3140775819747423,,,0.4093752293074101,272,15,115,125.1
md272_clean,"MD + AlphaFold + MACCS, outliers removed (272)",random,1,cv_r2,dnn,test,23,-0.3314135509508769,3.2978618718354844,1.816001616694072,1.5796668611530442,0.8292674484342067,0.6330615463834157,-1.9743261445908056,0.1452181019613388,0.4093752293074101,272,15,115,125.1
md272_clean,"MD + AlphaFold + MACCS, outliers removed (272)",random,1,cv_r2,dnn,holdout,12,-1.0123957030333908,1.4778126025191407,1.2156531588077006,1.120454032505066,0.8557514061865863,0.7202797202797203,-8.996091853591018,-0.159636533746227,0.4093752293074101,272,15,115,125.1
md272_clean,"MD + AlphaFold + MACCS, outliers removed (272)",random,1,cv_r2,hybrid,train,80,0.860108559793753,0.253550236114377,0.5035377206470009,0.3693860962697862,0.9322023122002648,0.8507029714190485,,,0.2310553933599847,272,15,115,125.1
md272_clean,"MD + AlphaFold + MACCS, outliers removed (272)",random,1,cv_r2,hybrid,cv,80,0.4839703739097102,0.9352926336615404,0.9671052857168864,0.683573149342594,0.7115657326293752,0.5919136397120648,,,0.2310553933599847,272,15,115,125.1
md272_clean,"MD + AlphaFold + MACCS, outliers removed (272)",random,1,cv_r2,hybrid,test,23,0.5667573166808137,1.0731260212498428,1.0359179606753823,0.7738506807801518,0.8207874672138764,0.7319001953113495,0.2048062851852517,0.7627329461273423,0.2310553933599847,272,15,115,125.1
md272_clean,"MD + AlphaFold + MACCS, outliers removed (272)",random,1,cv_r2,hybrid,holdout,12,0.4470104307336587,0.4060905880943787,0.6372523739417365,0.4718969600535065,0.8345503529004334,0.7762237762237763,-0.8785593101950611,0.6543375420509192,0.2310553933599847,272,15,115,125.1
md272_clean,"MD + AlphaFold + MACCS, outliers removed (272)",structure_disjoint,1,cv_r2,nusvr,train,77,0.8351029341759714,0.3475546114783696,0.5895376251592171,0.4116201471346918,0.9311459218280848,0.8173183763134328,,,0.4420318702695206,272,15,115,91.1
md272_clean,"MD + AlphaFold + MACCS, outliers removed (272)",structure_disjoint,1,cv_r2,nusvr,cv,77,0.6526686695095689,0.7320724903115666,0.8556123481528107,0.6248380095932855,0.8117891931714178,0.6214974486830322,,,0.4420318702695206,272,15,115,91.1
md272_clean,"MD + AlphaFold + MACCS, outliers removed (272)",structure_disjoint,1,cv_r2,nusvr,test,24,0.4549340780144593,0.463820484616654,0.6810436730611731,0.5506776243195098,0.7004225047601864,0.5834240963918839,0.0138978965202692,0.6742848292475413,0.4420318702695206,272,15,115,91.1
md272_clean,"MD + AlphaFold + MACCS, outliers removed (272)",structure_disjoint,1,cv_r2,nusvr,holdout,14,0.5938604949046264,0.8438523625166084,0.9186143709504052,0.7686799491788643,0.7897589700866213,0.6351648351648352,-0.681056359182712,0.7158487448922807,0.4420318702695206,272,15,115,91.1
md272_clean,"MD + AlphaFold + MACCS, outliers removed (272)",structure_disjoint,1,cv_r2,dnn,train,77,0.1457979982797954,1.800407080309915,1.3417924877975411,1.163772330947115,0.9371055027281644,0.778406591553364,,,0.6863721669078487,272,15,115,91.1
md272_clean,"MD + AlphaFold + MACCS, outliers removed (272)",structure_disjoint,1,cv_r2,dnn,cv,77,-12.207052740603856,27.83659042746917,5.27603927463293,5.145462024282957,0.5957741163508149,0.4072460067845179,,,0.6863721669078487,272,15,115,91.1
md272_clean,"MD + AlphaFold + MACCS, outliers removed (272)",structure_disjoint,1,cv_r2,dnn,test,24,-1.8244653950025405,2.4034614079722267,1.550310100583824,1.440766717698466,0.7793579627468794,0.7222102908355907,-5.3513615812193045,-0.7034430139918839,0.6863721669078487,272,15,115,91.1
md272_clean,"MD + AlphaFold + MACCS, outliers removed (272)",structure_disjoint,1,cv_r2,dnn,holdout,14,0.1857901491039344,1.6917165103197616,1.3006600287237866,1.0539283379053606,0.8011547230136986,0.6131868131868132,-3.1181700331951787,0.6677650571880099,0.6863721669078487,272,15,115,91.1
md272_clean,"MD + AlphaFold + MACCS, outliers removed (272)",structure_disjoint,1,cv_r2,hybrid,train,77,0.8413445416959785,0.3343991349647271,0.5782725438447922,0.3923425819022963,0.9287032024067092,0.8156751421597137,,,0.3867387876539034,272,15,115,91.1
md272_clean,"MD + AlphaFold + MACCS, outliers removed (272)",structure_disjoint,1,cv_r2,hybrid,cv,77,0.5962653158270526,0.850954203441161,0.9224717900516856,0.6732603835687766,0.7746290706679549,0.5790757157706193,,,0.3867387876539034,272,15,115,91.1
md272_clean,"MD + AlphaFold + MACCS, outliers removed (272)",structure_disjoint,1,cv_r2,hybrid,test,24,0.4129404915114826,0.4995546680556963,0.7067918138007092,0.5728874852959952,0.6965403343478362,0.5834240963918839,-0.0422367195403986,0.6357393876453212,0.3867387876539034,272,15,115,91.1
md272_clean,"MD + AlphaFold + MACCS, outliers removed (272)",structure_disjoint,1,cv_r2,hybrid,holdout,14,0.6037721806538537,0.8232584549280236,0.9073359107453114,0.7778392976580429,0.7885868606454012,0.6131868131868132,-0.698408019846927,0.7280241043893537,0.3867387876539034,272,15,115,91.1
padel,PaDEL 2D/3D descriptors (1444),random,1,cv_r2,nusvr,train,84,0.6827761209603966,0.5499491500312741,0.7415855648752031,0.4519535038125199,0.8636023932480957,0.7702671233656551,,,0.2776110548064796,1444,15,122,390.9
padel,PaDEL 2D/3D descriptors (1444),random,1,cv_r2,nusvr,cv,84,0.4538676346620287,0.946791997599558,0.9730323723286692,0.7050333205223231,0.6883056913710277,0.2535324644042368,,,0.2776110548064796,1444,15,122,390.9
padel,PaDEL 2D/3D descriptors (1444),random,1,cv_r2,nusvr,test,25,0.4845358824928282,1.0148459302523771,1.0073956175467398,0.6247457403222881,0.831900204876041,0.5058687798093723,-0.2410462591754881,0.601571758436275,0.2776110548064796,1444,15,122,390.9
padel,PaDEL 2D/3D descriptors (1444),random,1,cv_r2,nusvr,holdout,13,0.6934815274679137,0.5635283490533496,0.7506852529877949,0.5895112577640489,0.8505153144592071,0.6382399435416463,-0.2518548672581276,0.8675522208811369,0.2776110548064796,1444,15,122,390.9
padel,PaDEL 2D/3D descriptors (1444),random,1,cv_r2,dnn,train,84,-16.153711918686525,29.73820671420911,5.4532748614212645,5.370479125309744,0.7648131467661131,0.5213052507946957,,,0.9128137900618932,1444,15,122,390.9
padel,PaDEL 2D/3D descriptors (1444),random,1,cv_r2,dnn,cv,84,-383.632609083341,666.8110139756748,25.82268409704295,5.753257090170603,0.1055703555698691,0.3271873072557822,,,0.9128137900618932,1444,15,122,390.9
padel,PaDEL 2D/3D descriptors (1444),random,1,cv_r2,dnn,test,25,-13.573136327404818,28.691595768883143,5.356453656000689,5.21914166761071,0.6006159864865003,0.459688290210951,-131.8970160386842,-7.994475908244368,0.9128137900618932,1444,15,122,390.9
padel,PaDEL 2D/3D descriptors (1444),random,1,cv_r2,dnn,holdout,13,-14.383529797698722,28.28232529640671,5.318112945059244,5.206656439606893,0.6698482565432253,0.4016509989529325,-72.49472991933547,-8.344908114610442,0.9128137900618932,1444,15,122,390.9
padel,PaDEL 2D/3D descriptors (1444),random,1,cv_r2,hybrid,train,84,0.7217000379842204,0.4824694409124428,0.694600202211634,0.496695258242381,0.8636164639032907,0.7700747299919992,,,0.4617880794088153,1444,15,122,390.9
padel,PaDEL 2D/3D descriptors (1444),random,1,cv_r2,hybrid,cv,84,-4.562706904033245,9.64368112201371,3.1054276874552578,1.1326001063684268,0.2583424713344774,0.2510454321996616,,,0.4617880794088153,1444,15,122,390.9
padel,PaDEL 2D/3D descriptors (1444),random,1,cv_r2,hybrid,test,25,0.5016993824956674,0.9810544255963316,0.9904819158350806,0.6818068100563341,0.8318401486254307,0.5008658934362099,-0.7191747542331012,0.6187459476681078,0.4617880794088153,1444,15,122,390.9
padel,PaDEL 2D/3D descriptors (1444),random,1,cv_r2,hybrid,holdout,13,0.6885134179372604,0.5726621234017527,0.7567444240969026,0.6217619242569173,0.8503887993984506,0.6382399435416463,-0.566056845354269,0.8773390677859815,0.4617880794088153,1444,15,122,390.9
padel,PaDEL 2D/3D descriptors (1444),structure_disjoint,1,cv_r2,nusvr,train,84,0.6904164552565532,0.6312127558434206,0.7944889903852794,0.5813622659753821,0.8574720589059216,0.6969003486175213,,,0.3875586364707717,1444,15,122,307.6
padel,PaDEL 2D/3D descriptors (1444),structure_disjoint,1,cv_r2,nusvr,cv,84,0.4851848107312188,1.0496614561271127,1.024529870783235,0.7525175428881908,0.7077454900276857,0.4589724900739921,,,0.3875586364707717,1444,15,122,307.6
padel,PaDEL 2D/3D descriptors (1444),structure_disjoint,1,cv_r2,nusvr,test,25,0.5497387516119643,0.5128008327308694,0.7161011330328066,0.5690241129249958,0.7620033283271983,0.5436706827981093,-0.2513572995579433,0.8171309850270437,0.3875586364707717,1444,15,122,307.6
padel,PaDEL 2D/3D descriptors (1444),structure_disjoint,1,cv_r2,nusvr,holdout,13,0.6596755345726486,0.3728932834131626,0.610649886115737,0.4752180444917269,0.8411217124924854,0.0275103423940364,-2.819212244040415,0.9137317096454334,0.3875586364707717,1444,15,122,307.6
padel,PaDEL 2D/3D descriptors (1444),structure_disjoint,1,cv_r2,dnn,train,84,-0.135648817940984,2.315484889989539,1.5216717418646963,1.3354358648601272,0.8879293390448113,0.7394712073029233,,,0.4269204321760304,1444,15,122,307.6
padel,PaDEL 2D/3D descriptors (1444),structure_disjoint,1,cv_r2,dnn,cv,84,-5.143719875518623,12.526487339531618,3.539277799146546,2.69504834157886,0.251280972140187,0.4148972796857882,,,0.4269204321760304,1444,15,122,307.6
padel,PaDEL 2D/3D descriptors (1444),structure_disjoint,1,cv_r2,dnn,test,25,-1.6141236147240914,2.9772154972054765,1.7254609520952586,1.4704849456443947,0.6219125673130134,0.220469427631505,-7.540835500222409,0.0110965999633165,0.4269204321760304,1444,15,122,307.6
padel,PaDEL 2D/3D descriptors (1444),structure_disjoint,1,cv_r2,dnn,holdout,13,-0.7664150327121271,1.93545974013732,1.3912080146898664,1.264652797402325,0.931603551590178,0.6134806353870134,-24.604483976704103,0.3694227363302912,0.4269204321760304,1444,15,122,307.6
padel,PaDEL 2D/3D descriptors (1444),structure_disjoint,1,cv_r2,hybrid,train,84,0.726849429475541,0.5569292273716562,0.7462769106515732,0.568183543434357,0.8576704256637071,0.6979129760838723,,,0.2219396740760141,1444,15,122,307.6
padel,PaDEL 2D/3D descriptors (1444),structure_disjoint,1,cv_r2,hybrid,cv,84,0.2262700862060404,1.5775650852796677,1.256011578481531,0.8646578298572397,0.5392918951062117,0.4104522952244003,,,0.2219396740760141,1444,15,122,307.6
padel,PaDEL 2D/3D descriptors (1444),structure_disjoint,1,cv_r2,hybrid,test,25,0.559492097859136,0.5016927835808083,0.7083027485339926,0.554876801194033,0.7619116910073183,0.5436706827981093,-0.3064866006727997,0.8418389427141422,0.2219396740760141,1444,15,122,307.6
padel,PaDEL 2D/3D descriptors (1444),structure_disjoint,1,cv_r2,hybrid,holdout,13,0.5626223175743648,0.4792344267301884,0.6922675976312833,0.5725297169950884,0.841313329469455,0.0275103423940364,-3.499708262644901,0.8397882697704417,0.2219396740760141,1444,15,122,307.6
fused,MD block + PaDEL block fused (1549),random,1,cv_r2,nusvr,train,84,0.7317071466700362,0.4651208070936504,0.6819976591555506,0.3943226940104753,0.8897496600090035,0.8714366005341352,,,0.2961448175964029,1549,22,122,377.2
fused,MD block + PaDEL block fused (1549),random,1,cv_r2,nusvr,cv,84,0.4958760620622231,0.87396488567838,0.934860891084005,0.6799538371318516,0.7138598087340455,0.394582034445142,,,0.2961448175964029,1549,22,122,377.2
fused,MD block + PaDEL block fused (1549),random,1,cv_r2,nusvr,test,25,0.509393388549203,0.9659064638555048,0.9828054048770308,0.6040093924382173,0.8433386878819349,0.3173687306255229,-0.2497024375280541,0.6435118185138685,0.2961448175964029,1549,22,122,377.2
fused,MD block + PaDEL block fused (1549),random,1,cv_r2,nusvr,holdout,13,0.7371851893418155,0.4831800026064395,0.6951115037218414,0.5339185792458467,0.8780513178608266,0.6877585598509118,-0.1006704730407714,0.8619663355372721,0.2961448175964029,1549,22,122,377.2
fused,MD block + PaDEL block fused (1549),random,1,cv_r2,dnn,train,84,-0.5429344616270968,2.6748790106682017,1.635505735443383,1.512176434685935,0.8817561395102155,0.7811511233249507,,,0.6946767235664592,1549,22,122,377.2
fused,MD block + PaDEL block fused (1549),random,1,cv_r2,dnn,cv,84,-15.415584964974553,28.458566946742568,5.334657153626892,3.494043417931139,0.0340898584730273,0.1005523241184716,,,0.6946767235664592,1549,22,122,377.2
fused,MD block + PaDEL block fused (1549),random,1,cv_r2,dnn,test,25,-0.5398143652178171,3.031587047111397,1.7411453262468923,1.564902929636709,0.7914213418606861,0.46124255517576,-13.378057833829166,0.1307769257777729,0.6946767235664592,1549,22,122,377.2
fused,MD block + PaDEL block fused (1549),random,1,cv_r2,dnn,holdout,13,-0.399937284531443,2.573757921384823,1.604293589523072,1.4305446384800744,0.7652882570416374,0.6244847723446278,-6.142879113769658,0.1914970250930076,0.6946767235664592,1549,22,122,377.2
fused,MD block + PaDEL block fused (1549),random,1,cv_r2,hybrid,train,84,0.7560545635091902,0.4229113705383455,0.6503163618873091,0.4025463609415969,0.8838818017370201,0.8643490336342329,,,0.2155690500804667,1549,22,122,377.2
fused,MD block + PaDEL block fused (1549),random,1,cv_r2,hybrid,cv,84,0.3457958205734786,1.134148644521198,1.0649641517540382,0.7426860464903184,0.6315443613864831,0.4162629291268356,,,0.2155690500804667,1549,22,122,377.2
fused,MD block + PaDEL block fused (1549),random,1,cv_r2,hybrid,test,25,0.5344795066634784,0.9165169059611112,0.95734889458395,0.6161487595378775,0.8391926231023881,0.3181381093664333,-0.4071291185862772,0.6772124223880248,0.2155690500804667,1549,22,122,377.2
fused,MD block + PaDEL block fused (1549),random,1,cv_r2,hybrid,holdout,13,0.7563845192847035,0.4478824017268919,0.6692401674487956,0.5409384302222392,0.8781655687884585,0.6905095940903155,-0.1556622763373277,0.894738660339821,0.2155690500804667,1549,22,122,377.2
fused,MD block + PaDEL block fused (1549),structure_disjoint,1,cv_r2,nusvr,train,84,0.7115329269449597,0.5881581861983368,0.7669147189866269,0.5395524802514758,0.8729404869978453,0.7799766122386812,,,0.4112959279926431,1549,15,122,444.6
fused,MD block + PaDEL block fused (1549),structure_disjoint,1,cv_r2,nusvr,cv,84,0.5046880330052016,1.0098961556503403,1.0049358962890818,0.7397963673481712,0.7219836471381174,0.476031368284155,,,0.4112959279926431,1549,15,122,444.6
fused,MD block + PaDEL block fused (1549),structure_disjoint,1,cv_r2,nusvr,test,25,0.5938519686602339,0.4625604566874592,0.6801179726249404,0.5600499333145068,0.8033127351251618,0.6976923076923077,-0.1908506158753743,0.821306038631414,0.4112959279926431,1549,15,122,444.6
fused,MD block + PaDEL block fused (1549),structure_disjoint,1,cv_r2,nusvr,holdout,13,0.7685748125716944,0.2535724191802752,0.5035597473788738,0.4107632432551735,0.8913424273310177,0.1623110201248151,-1.6559348302016894,0.9333329023881014,0.4112959279926431,1549,15,122,444.6
fused,MD block + PaDEL block fused (1549),structure_disjoint,1,cv_r2,dnn,train,84,0.5364362138216081,0.9451644958240848,0.9721957086019692,0.8226546132478115,0.8861502388807903,0.702772758507602,,,0.8639214288551936,1549,15,122,444.6
fused,MD block + PaDEL block fused (1549),structure_disjoint,1,cv_r2,dnn,cv,84,-17.944181428623597,38.62546692095258,6.214939011844974,3.935644028211137,0.020683028845794,0.10014732029562,,,0.8639214288551936,1549,15,122,444.6
fused,MD block + PaDEL block fused (1549),structure_disjoint,1,cv_r2,dnn,test,25,0.2736439612141521,0.8272441452200616,0.9095296285553658,0.684984957680503,0.6875614851821975,0.3592307692307692,-0.9553071353986232,0.6705827726344398,0.8639214288551936,1549,15,122,444.6
fused,MD block + PaDEL block fused (1549),structure_disjoint,1,cv_r2,dnn,holdout,13,0.5272024319313832,0.5180439711422977,0.719752715272612,0.5412553142323282,0.842898646262247,0.2668503212221538,-1.91374716626308,0.8908143217793077,0.8639214288551936,1549,15,122,444.6
fused,MD block + PaDEL block fused (1549),structure_disjoint,1,cv_r2,hybrid,train,84,0.745171651383085,0.5195718794770201,0.7208133457955812,0.5240224854374761,0.8709511562578234,0.7765037044577291,,,0.3793216710699748,1549,15,122,444.6
fused,MD block + PaDEL block fused (1549),structure_disjoint,1,cv_r2,hybrid,cv,84,0.4555165534781453,1.1101523405418614,1.0536376704265378,0.7903546254043741,0.6758843918263535,0.4522880191694821,,,0.3793216710699748,1549,15,122,444.6
fused,MD block + PaDEL block fused (1549),structure_disjoint,1,cv_r2,hybrid,test,25,0.6160760625425188,0.4372495202248498,0.6612484557447752,0.5388960266856705,0.8031748713529325,0.7023076923076923,-0.1915358140883251,0.8519513055154735,0.3793216710699748,1549,15,122,444.6
fused,MD block + PaDEL block fused (1549),structure_disjoint,1,cv_r2,hybrid,holdout,13,0.7101803939848472,0.3175551435856715,0.5635203133744794,0.4851712651581326,0.8908946673150164,0.1623110201248151,-1.861692973526908,0.8743141187121118,0.3793216710699748,1549,15,122,444.6
maccs167,MACCS fingerprints only,random,1,cv_r2,nusvr,train,84,0.6534821909747603,0.6007340151096849,0.7750703291377402,0.4714723937735642,0.8476251041355032,0.6831624530633774,,,0.2414121576405994,167,15,122,99.0
maccs167,MACCS fingerprints only,random,1,cv_r2,nusvr,cv,84,0.439137999212797,0.9723277502046264,0.9860668081852396,0.7000654313476706,0.6841532711456385,0.3159802558622583,,,0.2414121576405994,167,15,122,99.0
maccs167,MACCS fingerprints only,random,1,cv_r2,nusvr,test,25,0.3924754528503155,1.1960945355128385,1.093661069761943,0.7294430548891198,0.68824602643211,0.0394458348653181,-1.2866948010325765,0.5735466024673341,0.2414121576405994,167,15,122,99.0
maccs167,MACCS fingerprints only,random,1,cv_r2,nusvr,holdout,13,0.624554607543407,0.6902491729877822,0.8308123572671402,0.6725483166411662,0.8041151426009124,0.5419537451625185,-0.7598448784792834,0.8379263874865136,0.2414121576405994,167,15,122,99.0
maccs167,MACCS fingerprints only,random,1,cv_r2,dnn,train,84,-1.6032344143542692,4.513047875968884,2.1243935313328564,1.972089153915475,0.8072085560704121,0.6899167124638468,,,0.4566895810220793,167,15,122,99.0
maccs167,MACCS fingerprints only,random,1,cv_r2,dnn,cv,84,-7.343052406530411,14.463774270489145,3.8031269069660487,3.26172793093567,0.3248901158384666,0.1089178585673186,,,0.4566895810220793,167,15,122,99.0
maccs167,MACCS fingerprints only,random,1,cv_r2,dnn,test,25,-1.3201764359063897,4.567964157882056,2.137279616213577,1.88412568291158,0.695180832415039,0.3169136098691655,-17.081378580422147,-0.4238166059899896,0.4566895810220793,167,15,122,99.0
maccs167,MACCS fingerprints only,random,1,cv_r2,dnn,holdout,13,-1.5307680032905917,4.652768568726634,2.157027716262968,1.977651963244197,0.7760054362416009,0.6354889093022426,-10.42304363427878,-0.4280187540484658,0.4566895810220793,167,15,122,99.0
maccs167,MACCS fingerprints only,random,1,cv_r2,hybrid,train,84,0.6954346789193455,0.5280038815627663,0.7266387558909628,0.5028247756778195,0.8428064715754409,0.6644793817082556,,,0.2280524576365939,167,15,122,99.0
maccs167,MACCS fingerprints only,random,1,cv_r2,hybrid,cv,84,0.4214510636171773,1.002990370014072,1.0014940688861178,0.7355946224265091,0.6499863909307597,0.302078218136784,,,0.2280524576365939,167,15,122,99.0
maccs167,MACCS fingerprints only,random,1,cv_r2,hybrid,test,25,0.4166590808069095,1.1484818005485165,1.071672431551972,0.7380767809398345,0.6784307910727255,0.0321339240122347,-1.809614661694104,0.6309315409759051,0.2280524576365939,167,15,122,99.0
maccs167,MACCS fingerprints only,random,1,cv_r2,hybrid,holdout,13,0.6260275604828427,0.6875411771814067,0.8291810279917207,0.6633992235317282,0.8019923050247932,0.5419537451625185,-1.272978690876403,0.8685455430485406,0.2280524576365939,167,15,122,99.0
maccs167,MACCS fingerprints only,structure_disjoint,1,cv_r2,nusvr,train,84,0.8714384529291787,0.2621253286873365,0.5119817659715398,0.3465135121112366,0.9346772472332529,0.8446438277172104,,,0.2651649734255114,167,15,122,89.8
maccs167,MACCS fingerprints only,structure_disjoint,1,cv_r2,nusvr,cv,84,0.3771767120751772,1.2698801685350536,1.1268895990890384,0.7791229986821839,0.6496573023221394,0.521885726864046,,,0.2651649734255114,167,15,122,89.8
maccs167,MACCS fingerprints only,structure_disjoint,1,cv_r2,nusvr,test,25,0.5772640821392694,0.4814523379045276,0.6938676659886435,0.5372363759465029,0.7697501680231733,0.4836475925528828,-0.1844020176061071,0.8269978646519123,0.2651649734255114,167,15,122,89.8
maccs167,MACCS fingerprints only,structure_disjoint,1,cv_r2,nusvr,holdout,13,0.2243759139025423,0.8498507793027149,0.9218735158918032,0.6491769463988217,0.84970447051228,0.3603854853618778,-1.7814492428962376,0.8486303089618485,0.2651649734255114,167,15,122,89.8
maccs167,MACCS fingerprints only,structure_disjoint,1,cv_r2,dnn,train,84,-10.936014254423585,24.336449980132684,4.93319875741214,4.855418212029651,0.8318479705819964,0.5642705627457276,,,0.4407927372805627,167,15,122,89.8
maccs167,MACCS fingerprints only,structure_disjoint,1,cv_r2,dnn,cv,84,-4.591629205556704,11.400824560681745,3.376510707917531,2.814072438759793,0.2507176035838002,0.2070309733075131,,,0.4407927372805627,167,15,122,89.8
maccs167,MACCS fingerprints only,structure_disjoint,1,cv_r2,dnn,test,25,-18.20483701903981,21.872316241030365,4.676784818764956,4.591640707580886,0.5753524730135422,-0.0327048889156682,-71.48734638964147,-8.957096502088879,0.4407927372805627,167,15,122,89.8
maccs167,MACCS fingerprints only,structure_disjoint,1,cv_r2,dnn,holdout,13,-17.301815479855033,20.05328667198577,4.478089623040808,4.444388037660028,0.8518380947595363,0.2420910130675209,-206.73671044424475,-8.916739599771711,0.4407927372805627,167,15,122,89.8
maccs167,MACCS fingerprints only,structure_disjoint,1,cv_r2,hybrid,train,84,0.8556924050154945,0.2942300915728307,0.5424298033596889,0.4019092828962244,0.9345467644129212,0.8421425745497326,,,0.1554358218624261,167,15,122,89.8
maccs167,MACCS fingerprints only,structure_disjoint,1,cv_r2,hybrid,cv,84,0.2416885801661437,1.5461281751829854,1.243434025263498,0.9362387380441406,0.5240571528109077,0.3782590649397014,,,0.1554358218624261,167,15,122,89.8
maccs167,MACCS fingerprints only,structure_disjoint,1,cv_r2,hybrid,test,25,0.4732338244980654,0.5999320048503315,0.7745527773175508,0.6664525657258775,0.7691949640487269,0.4898038069370086,-0.9162313736764776,0.7773462468987646,0.1554358218624261,167,15,122,89.8
maccs167,MACCS fingerprints only,structure_disjoint,1,cv_r2,hybrid,holdout,13,0.0749617664473535,1.0135637582182353,1.0067590368197523,0.7563361235063568,0.8508606262045366,0.3603854853618778,-3.4204782416979205,0.7328591430727099,0.1554358218624261,167,15,122,89.8
dft,DFT/xTB quantum descriptors,random,1,cv_r2,nusvr,train,84,0.3491631838556588,1.1283108791534455,1.0622197885341085,0.8458396739554411,0.6980448606727961,0.6109685169627243,,,0.0666956873957997,109,15,122,75.8
dft,DFT/xTB quantum descriptors,random,1,cv_r2,nusvr,cv,84,0.114923187554109,1.534396597729769,1.2387076320624528,0.9707129327663496,0.3503033288369762,0.2877450910404637,,,0.0666956873957997,109,15,122,75.8
dft,DFT/xTB quantum descriptors,random,1,cv_r2,nusvr,test,25,0.0298046697037654,1.9101208969939512,1.3820712344137516,0.9957580524632824,0.2352626332154269,0.2962108152504881,-2.916114009147544,0.2336153239284117,0.0666956873957997,109,15,122,75.8
dft,DFT/xTB quantum descriptors,random,1,cv_r2,nusvr,holdout,13,0.0136895806662963,1.8133128410492665,1.346593049532511,1.0751657985438217,0.1359242113045436,0.4566716837410054,-1.144238347662704,0.1480450421936464,0.0666956873957997,109,15,122,75.8
dft,DFT/xTB quantum descriptors,random,1,cv_r2,dnn,train,84,0.1932728414904647,1.3985672089775938,1.1826103369147396,0.9528376372681608,0.8236060711619351,0.728024746862397,,,0.4760407063697432,109,15,122,75.8
dft,DFT/xTB quantum descriptors,random,1,cv_r2,dnn,cv,84,-7.867817754932055,15.373523745191584,3.920908535682972,3.291837666300038,-0.0187587180546942,-0.05608290436937,,,0.4760407063697432,109,15,122,75.8
dft,DFT/xTB quantum descriptors,random,1,cv_r2,dnn,test,25,-1.020072025511663,3.97711849240149,1.9942714189401327,1.4861437267968751,0.0384523354553452,-0.0361608008227868,-14.28718423267019,-0.0215214343397592,0.4760407063697432,109,15,122,75.8
dft,DFT/xTB quantum descriptors,random,1,cv_r2,dnn,holdout,13,-0.0448987243987426,1.9210263193084909,1.3860109376583185,0.9940202606511982,0.5425889185901454,0.7455302788783884,-1.0182802214097753,0.5397566289584196,0.4760407063697432,109,15,122,75.8
dft,DFT/xTB quantum descriptors,random,1,cv_r2,hybrid,train,84,0.2397860801998318,1.317930416530375,1.148011505399826,0.8170705150994974,0.5786207052364066,0.4934161573800583,,,0.0635417811696988,109,15,122,75.8
dft,DFT/xTB quantum descriptors,random,1,cv_r2,hybrid,cv,84,0.0796387565380968,1.5955667810884138,1.2631574648825117,0.9604946289788524,0.2959672021944602,0.2932733932223875,,,0.0635417811696988,109,15,122,75.8
dft,DFT/xTB quantum descriptors,random,1,cv_r2,hybrid,test,25,0.0598434383836218,1.850980558977852,1.3605074637714605,0.8348811706993626,0.2590548794796125,0.3385266460005579,-0.6441936095410276,0.2864242947550615,0.0635417811696988,109,15,122,75.8
dft,DFT/xTB quantum descriptors,random,1,cv_r2,hybrid,holdout,13,-0.1263362480868124,2.07074764897526,1.439009259516859,1.0098334443105037,-0.0293752297350352,-0.0110041369576145,-0.7754146853834814,0.1066437930042984,0.0635417811696988,109,15,122,75.8
dft,DFT/xTB quantum descriptors,structure_disjoint,1,cv_r2,nusvr,train,84,0.0589945913509939,1.9186246405607008,1.3851442670569376,1.025129779498981,0.4263219158860383,0.3832956179467185,,,-0.026208196360177,109,15,122,44.1
dft,DFT/xTB quantum descriptors,structure_disjoint,1,cv_r2,nusvr,cv,84,-0.0070122949164932,2.053206692136056,1.4329014942193534,1.0552102946611055,0.0788410704211034,0.0318636757628466,,,-0.026208196360177,109,15,122,44.1
dft,DFT/xTB quantum descriptors,structure_disjoint,1,cv_r2,nusvr,test,25,-0.1505373825851936,1.3103426732589307,1.1447020019458911,0.9260789555893478,0.0430813524878845,0.0746153846153846,-2.0780226720378048,0.0120256810398672,-0.026208196360177,109,15,122,44.1
dft,DFT/xTB quantum descriptors,structure_disjoint,1,cv_r2,nusvr,holdout,13,0.1208329931026029,0.9633026866253184,0.9814798452466144,0.7697497301090315,0.537930498154076,0.6574971832174716,-2.605402221198476,0.2251408896354448,-0.026208196360177,109,15,122,44.1
dft,DFT/xTB quantum descriptors,structure_disjoint,1,cv_r2,dnn,train,84,0.1102029156309839,1.8142155140430671,1.3469281770172703,1.114794305315225,0.8118451503131147,0.619017967941899,,,0.5176416892790295,109,15,122,44.1
dft,DFT/xTB quantum descriptors,structure_disjoint,1,cv_r2,dnn,cv,84,-6.664065723055222,15.626334565113176,3.953015882223745,3.4581884221692305,0.1460127181126426,0.1191116243006444,,,0.5176416892790295,109,15,122,44.1
dft,DFT/xTB quantum descriptors,structure_disjoint,1,cv_r2,dnn,test,25,-1.2563598701569163,2.5697597217156574,1.603047011698552,1.2327617933651076,0.3561832542703204,0.1961538461538461,-11.601360040631866,0.2842587665738803,0.5176416892790295,109,15,122,44.1
dft,DFT/xTB quantum descriptors,structure_disjoint,1,cv_r2,dnn,holdout,13,-0.1731956352377506,1.2854696530866463,1.133785541046739,0.9368180853548304,0.7114319136336911,0.7950488951876541,-6.407290926924363,0.0306625175487945,0.5176416892790295,109,15,122,44.1
dft,DFT/xTB quantum descriptors,structure_disjoint,1,cv_r2,hybrid,train,84,0.161196960326065,1.7102432841551412,1.3077627017754945,1.1173751299826225,0.8319332544056529,0.6152716825805221,,,-0.0743498126084937,109,15,122,44.1
dft,DFT/xTB quantum descriptors,structure_disjoint,1,cv_r2,hybrid,cv,84,-0.1275136391047422,2.298897998535865,1.516211726156959,1.1397030704259548,-0.1099873599650812,-0.1251968067389891,,,-0.0743498126084937,109,15,122,44.1
dft,DFT/xTB quantum descriptors,structure_disjoint,1,cv_r2,hybrid,test,25,-0.5740889928218984,1.7927240001251985,1.3389264356659774,1.1783435978467738,0.3263473138735313,0.1984615384615384,-5.426704439561377,0.0547870508230285,-0.0743498126084937,109,15,122,44.1
dft,DFT/xTB quantum descriptors,structure_disjoint,1,cv_r2,hybrid,holdout,13,-0.0948668699094366,1.199644878625319,1.095283013026916,0.9963196316234602,0.7283032337853141,0.8500695799757271,-10.127899321865469,0.2140164061734087,-0.0743498126084937,109,15,122,44.1
dft_plus_md,DFT quantum descriptors + MD block,random,1,cv_r2,nusvr,train,84,0.7578162349418822,0.4198572823342151,0.647963951415675,0.4722849186957541,0.8757724948810157,0.764454840727895,,,0.3451648608282641,381,17,122,120.4
dft_plus_md,DFT quantum descriptors + MD block,random,1,cv_r2,nusvr,cv,84,0.6648584283575567,0.5810118173414588,0.7622413117520322,0.5862013192977843,0.817038090122949,0.673025227719155,,,0.3451648608282641,381,17,122,120.4
dft_plus_md,DFT quantum descriptors + MD block,random,1,cv_r2,nusvr,test,25,0.4262568327953447,1.1295857431621366,1.0628197133861117,0.7186488926769315,0.678287164620056,0.3743027574528895,-1.3856743004651155,0.5523817803263474,0.3451648608282641,381,17,122,120.4
dft_plus_md,DFT quantum descriptors + MD block,random,1,cv_r2,nusvr,holdout,13,0.7257322098297,0.5042360863813864,0.7100958290128075,0.5442566495765366,0.8734985202406459,0.8555716484545344,0.0268169472463779,0.8306612689300067,0.3451648608282641,381,17,122,120.4
dft_plus_md,DFT quantum descriptors + MD block,random,1,cv_r2,dnn,train,84,0.1790921701469807,1.42315126039211,1.192959035504619,1.0962666327568245,0.9442606950557229,0.8634580252239594,,,0.5536847771030953,381,17,122,120.4
dft_plus_md,DFT quantum descriptors + MD block,random,1,cv_r2,dnn,cv,84,-7.0016602552480975,13.871926254528097,3.72450349100764,3.2749004356538336,0.3860311164506547,0.3388565734843309,,,0.5536847771030953,381,17,122,120.4
dft_plus_md,DFT quantum descriptors + MD block,random,1,cv_r2,dnn,test,25,0.1669144436226397,1.640179127366394,1.2806947830636284,1.132511763226089,0.8308787525255853,0.4700904106962291,-6.074500902038829,0.5310445965469949,0.5536847771030953,381,17,122,120.4
dft_plus_md,DFT quantum descriptors + MD block,random,1,cv_r2,dnn,holdout,13,0.5905502685078982,0.7527654999126618,0.8676205967545156,0.7216455351930118,0.8728435158571531,0.8253102718210942,-0.8169905058700291,0.8341220231388599,0.5536847771030953,381,17,122,120.4
dft_plus_md,DFT quantum descriptors + MD block,random,1,cv_r2,hybrid,train,84,0.783837220690332,0.3747464948403477,0.6121654146064998,0.4809655816874047,0.8964795381498101,0.7946377506259077,,,0.3382644058350462,381,17,122,120.4
dft_plus_md,DFT quantum descriptors + MD block,random,1,cv_r2,hybrid,cv,84,0.6222677082093966,0.6548484100204619,0.8092270447905593,0.6310720454038344,0.7921319993811106,0.6540305484274165,,,0.3382644058350462,381,17,122,120.4
dft_plus_md,DFT quantum descriptors + MD block,random,1,cv_r2,hybrid,test,25,0.4999826916116642,0.9844342471939188,0.9921865989792036,0.7148700334480003,0.7258783521656151,0.4104635582756764,-2.2140729939763992,0.6683016381159325,0.3382644058350462,381,17,122,120.4
dft_plus_md,DFT quantum descriptors + MD block,random,1,cv_r2,hybrid,holdout,13,0.7181585061317495,0.5181601957698624,0.7198334500215049,0.5747624797051787,0.8786572696742151,0.8555716484545344,-0.6940672383233081,0.8889409558154495,0.3382644058350462,381,17,122,120.4
dft_plus_md,DFT quantum descriptors + MD block,structure_disjoint,1,cv_r2,nusvr,train,84,0.5368381856775019,0.9443449116852042,0.9717741052761204,0.7241641370596353,0.7396999361128623,0.6057945931257955,,,0.3772373616877114,381,19,122,133.9
dft_plus_md,DFT quantum descriptors + MD block,structure_disjoint,1,cv_r2,nusvr,cv,84,0.535902005690797,0.9462536977282838,0.972755723564906,0.7090962923660756,0.7444127110903663,0.6284545570143404,,,0.3772373616877114,381,19,122,133.9
dft_plus_md,DFT quantum descriptors + MD block,structure_disjoint,1,cv_r2,nusvr,test,25,0.3151780196021616,0.7799411632194685,0.8831427762369279,0.6238760643317205,0.5932937517940428,0.5223076923076923,-2.1948064084449994,0.6758122436411172,0.3772373616877114,381,19,122,133.9
dft_plus_md,DFT quantum descriptors + MD block,structure_disjoint,1,cv_r2,nusvr,holdout,13,0.8386940739788398,0.176742792536234,0.4204078882897347,0.3026346847438144,0.919495827357622,0.4704268549380237,-1.6377446327320264,0.9677514792866334,0.3772373616877114,381,19,122,133.9
dft_plus_md,DFT quantum descriptors + MD block,structure_disjoint,1,cv_r2,dnn,train,84,-0.0976498392056268,2.238008420409552,1.4959974667122775,1.331433434046195,0.9316532119998016,0.7493583232311031,,,0.478308163394719,381,19,122,133.9
dft_plus_md,DFT quantum descriptors + MD block,structure_disjoint,1,cv_r2,dnn,cv,84,-5.388664511327256,13.025907225449512,3.609142173072365,3.2144686441980665,0.4981172343105777,0.3058588870174998,,,0.478308163394719,381,19,122,133.9
dft_plus_md,DFT quantum descriptors + MD block,structure_disjoint,1,cv_r2,dnn,test,25,-0.7206123112194804,1.9595988532416209,1.3998567259693475,1.258206661729917,0.7875469325311147,0.5992307692307692,-6.752387374557605,0.3095538115838574,0.478308163394719,381,19,122,133.9
dft_plus_md,DFT quantum descriptors + MD block,structure_disjoint,1,cv_r2,dnn,holdout,13,-0.5142589634127468,1.6591725079057758,1.2880887034306976,1.1845918841696683,0.9143165663514496,0.4951861630926565,-23.47782745499145,0.3933227186430922,0.478308163394719,381,19,122,133.9
dft_plus_md,DFT quantum descriptors + MD block,structure_disjoint,1,cv_r2,hybrid,train,84,0.6518212651380424,0.7099048463329027,0.8425585121123059,0.6847631932419053,0.8343693901920176,0.6839400807450045,,,0.2471635362737073,381,19,122,133.9
dft_plus_md,DFT quantum descriptors + MD block,structure_disjoint,1,cv_r2,hybrid,cv,84,0.4659323666634156,1.0889154425973242,1.0435111128288592,0.7814815179543099,0.7027254816136893,0.5891590611021675,,,0.2471635362737073,381,19,122,133.9
dft_plus_md,DFT quantum descriptors + MD block,structure_disjoint,1,cv_r2,hybrid,test,25,0.1446141092607805,0.9741957555700762,0.9870135538938036,0.6784131030339628,0.667457334169406,0.546923076923077,-4.306362639301543,0.7938011132393116,0.2471635362737073,381,19,122,133.9
dft_plus_md,DFT quantum descriptors + MD block,structure_disjoint,1,cv_r2,hybrid,holdout,13,0.5612134052970854,0.4807781709463326,0.6933816921049564,0.5473391598596409,0.927506599367662,0.4786799576562346,-2.73945635318594,0.8075303009900594,0.2471635362737073,381,19,122,133.9
mol2desc,Pose-derived 3D descriptors (112194),random,1,cv_r2,nusvr,train,84,0.2588650370910705,1.2848545454528697,1.1335142458094074,0.8866367895993819,0.578732407602944,0.5535085995956589,,,0.070219816411323,62571,22,122,111.1
mol2desc,Pose-derived 3D descriptors (112194),random,1,cv_r2,nusvr,cv,84,0.1166356279677351,1.5314278579463578,1.2375087304525807,0.9535830284655484,0.3537190959327201,0.3008672149008543,,,0.070219816411323,62571,22,122,111.1
mol2desc,Pose-derived 3D descriptors (112194),random,1,cv_r2,nusvr,test,25,0.0501873108130349,1.8699915462302696,1.367476342109899,0.995352043827286,0.3103284407962273,-0.0796306996842221,-3.056061191088021,0.2722482645963176,0.070219816411323,62571,22,122,111.1
mol2desc,Pose-derived 3D descriptors (112194),random,1,cv_r2,nusvr,holdout,13,0.1008977056192391,1.6529823713297762,1.2856836202308002,1.003214400326382,0.3534139636866003,0.4484185810227945,-1.4179694853582574,0.3523206721169672,0.070219816411323,62571,22,122,111.1
mol2desc,Pose-derived 3D descriptors (112194),random,1,cv_r2,dnn,train,84,-3.183437085227907,7.252536209429472,2.693053324653909,2.5735632028421915,0.8135792655173061,0.728095622531396,,,0.4139484557227188,62571,22,122,111.1
mol2desc,Pose-derived 3D descriptors (112194),random,1,cv_r2,dnn,cv,84,-8.562195944993611,16.577319299866502,4.07152542665111,3.5376819596355333,0.0365079636758433,0.067676138798496,,,0.4139484557227188,62571,22,122,111.1
mol2desc,Pose-derived 3D descriptors (112194),random,1,cv_r2,dnn,test,25,-3.722819897397648,9.298289423845816,3.0493096634887404,2.685595276095835,0.4002861300578188,-0.0423158307500697,-34.58794404323255,-1.939822782760932,0.4139484557227188,62571,22,122,111.1
mol2desc,Pose-derived 3D descriptors (112194),random,1,cv_r2,dnn,holdout,13,-1.9456596336685603,5.415538895655216,2.3271310439369794,2.1219392166240185,0.8592279943579776,0.5694640875565551,-15.629305899709548,-0.1615848781331223,0.4139484557227188,62571,22,122,111.1
mol2desc,Pose-derived 3D descriptors (112194),random,1,cv_r2,hybrid,train,84,0.219506207666729,1.3530882321906836,1.1632232082410854,0.875303155660548,0.4892162517134771,0.4391760204046628,,,0.0238341141848426,62571,22,122,111.1
mol2desc,Pose-derived 3D descriptors (112194),random,1,cv_r2,hybrid,cv,84,-0.0640813332986511,1.8447243838749,1.358206311233643,1.0454188011971768,0.1782810851802418,0.1551265892477196,,,0.0238341141848426,62571,22,122,111.1
mol2desc,Pose-derived 3D descriptors (112194),random,1,cv_r2,hybrid,test,25,0.0297750072669287,1.9101792964097064,1.3820923617507284,0.941261370882335,0.1935818048225527,0.0273129453023177,-2.1135868590920186,0.1959357817417164,0.0238341141848426,62571,22,122,111.1
mol2desc,Pose-derived 3D descriptors (112194),random,1,cv_r2,hybrid,holdout,13,-0.0221048007162636,1.879120126591538,1.370810025711637,0.9817827775376732,0.0830654151223879,0.1127924038155495,-1.0653675902744968,0.3982600019428476,0.0238341141848426,62571,22,122,111.1
mol2desc,Pose-derived 3D descriptors (112194),structure_disjoint,1,cv_r2,nusvr,train,84,0.527155287984118,0.964087461447194,0.981879555468589,0.6488093845724414,0.7321884068773725,0.5557664959080564,,,-0.0134083394458587,62571,22,122,103.7
mol2desc,Pose-derived 3D descriptors (112194),structure_disjoint,1,cv_r2,nusvr,cv,84,0.2548274655434177,1.519339180132965,1.2326147736145974,0.8630451771728667,0.526379597440537,0.2733573302336619,,,-0.0134083394458587,62571,22,122,103.7
mol2desc,Pose-derived 3D descriptors (112194),structure_disjoint,1,cv_r2,nusvr,test,25,-0.887228891584533,2.149357846412482,1.4660688409527305,0.9339551801826022,0.4999204053418689,0.2215384615384615,-9.606922564221136,0.5344747849116815,-0.0134083394458587,62571,22,122,103.7
mol2desc,Pose-derived 3D descriptors (112194),structure_disjoint,1,cv_r2,nusvr,holdout,13,0.5397879143672238,0.5042540666670312,0.7101084893641473,0.4035519585995905,0.743406941619004,0.6795054571327009,-0.226911525163743,0.932132056776254,-0.0134083394458587,62571,22,122,103.7
mol2desc,Pose-derived 3D descriptors (112194),structure_disjoint,1,cv_r2,dnn,train,84,-1.7061415995546962,5.517577163776563,2.348952354513936,2.127122589704281,0.771192651199827,0.5841167635076656,,,0.4535263523590632,62571,22,122,103.7
mol2desc,Pose-derived 3D descriptors (112194),structure_disjoint,1,cv_r2,dnn,cv,84,-6.366630097188941,15.019890313547243,3.875550323960101,3.459871930143,0.3306072095293786,0.262432352112241,,,0.4535263523590632,62571,22,122,103.7
mol2desc,Pose-derived 3D descriptors (112194),structure_disjoint,1,cv_r2,dnn,test,25,-3.110947426478643,4.681942474859199,2.1637796733630714,1.8686897299672216,0.4954441226166267,0.3123076923076923,-17.371941839947873,-0.6460800086157208,0.4535263523590632,62571,22,122,103.7
mol2desc,Pose-derived 3D descriptors (112194),structure_disjoint,1,cv_r2,dnn,holdout,13,-3.117543846460121,4.511589969225818,2.124050368806215,2.000571011319984,0.7802415702151109,0.5529578821201331,-38.93326934698586,-1.9715275975901656,0.4535263523590632,62571,22,122,103.7
mol2desc,Pose-derived 3D descriptors (112194),structure_disjoint,1,cv_r2,hybrid,train,84,0.5508921344336715,0.9156901854392872,0.9569170211879852,0.7038135207791925,0.7547458127340769,0.5950518667246578,,,-0.0366633128895154,62571,22,122,103.7
mol2desc,Pose-derived 3D descriptors (112194),structure_disjoint,1,cv_r2,hybrid,cv,84,0.1652559553087385,1.7019673617023146,1.304594711664245,0.988876182729582,0.418884281321444,0.2260528837245994,,,-0.0366633128895154,62571,22,122,103.7
mol2desc,Pose-derived 3D descriptors (112194),structure_disjoint,1,cv_r2,hybrid,test,25,-1.120260609284192,2.4147567882865686,1.5539487727356294,1.097522636668366,0.5065573559718339,0.2838461538461538,-10.439871285475814,0.3818766266712978,-0.0366633128895154,62571,22,122,103.7
mol2desc,Pose-derived 3D descriptors (112194),structure_disjoint,1,cv_r2,hybrid,holdout,13,0.4443123790425062,0.6088665452561244,0.7802990101596466,0.613033659454082,0.7596040685699055,0.6685013201750863,-2.8840695591632537,0.7169582995321846,-0.0366633128895154,62571,22,122,103.7
md_core89,MD + energetics + ligand-PCA + residue forces,random,1,cv_r2,nusvr,train,84,0.8133796113571908,0.3235308906231678,0.5687977589821955,0.40972524466488314,0.9043146001187392,0.7808271202666694,,,0.4515553812958323,89,15,122,35.0
md_core89,MD + energetics + ligand-PCA + residue forces,random,1,cv_r2,nusvr,cv,84,0.7087710012874577,0.5048836197051437,0.7105516305696186,0.5308813826601021,0.8420901589334534,0.755838384396728,,,0.4515553812958323,89,15,122,35.0
md_core89,MD + energetics + ligand-PCA + residue forces,random,1,cv_r2,nusvr,test,25,0.6445183783614171,0.6998723378536856,0.8365837303304946,0.59668125702486,0.8594745718241171,0.5593383446418307,-0.34201692158933233,0.7273005939682611,0.4515553812958323,89,15,122,35.0
md_core89,MD + energetics + ligand-PCA + residue forces,random,1,cv_r2,nusvr,holdout,13,0.7148780622357946,0.5241912291284015,0.7240105172774782,0.6031144940860734,0.8814323961260916,0.522696505486693,-0.36967446621027106,0.8340869858657185,0.4515553812958323,89,15,122,35.0
md_core89,MD + energetics + ligand-PCA + residue forces,random,1,cv_r2,dnn,train,84,-0.3825631805347718,2.3968543865662437,1.5481777632320661,1.405355563931353,0.9075447871983794,0.7401141109745162,,,0.3012052769492098,89,15,122,35.0
md_core89,MD + energetics + ligand-PCA + residue forces,random,1,cv_r2,dnn,cv,84,-4.04000583390692,8.737510344118007,2.955928000496292,2.4727418646587798,0.5313759191603795,0.4003969043666258,,,0.3012052769492098,89,15,122,35.0
md_core89,MD + energetics + ligand-PCA + residue forces,random,1,cv_r2,dnn,test,25,-0.6846964133396602,3.316830872839065,1.821216865955031,1.6226552161992778,0.7967710663538906,0.3231390711823507,-11.692763595590215,0.1332732513304416,0.3012052769492098,89,15,122,35.0
md_core89,MD + energetics + ligand-PCA + residue forces,random,1,cv_r2,dnn,holdout,13,-0.2717999644110496,2.3381799091917506,1.529110823057554,1.4030101486455266,0.9003891039392027,0.7345261419207739,-4.94109267181037,0.46866995898609876,0.3012052769492098,89,15,122,35.0
md_core89,MD + energetics + ligand-PCA + residue forces,random,1,cv_r2,hybrid,train,84,0.8116850211336829,0.3264686847636687,0.5713743823130931,0.4212857969756288,0.9020291941877708,0.7778604672642818,,,0.3723140953507963,89,15,122,35.0
md_core89,MD + energetics + ligand-PCA + residue forces,random,1,cv_r2,hybrid,cv,84,0.5865193290733873,0.71682290822143,0.8466539483292037,0.6432702966034503,0.7751349493676672,0.6934981709643014,,,0.3723140953507963,89,15,122,35.0
md_core89,MD + energetics + ligand-PCA + residue forces,random,1,cv_r2,hybrid,test,25,0.635428000438194,0.7177694770075291,0.8472127696201994,0.6033176792122458,0.8573872005428963,0.5608771021236516,-0.3548070811557193,0.7180192145677309,0.3723140953507963,89,15,122,35.0
md_core89,MD + energetics + ligand-PCA + residue forces,random,1,cv_r2,hybrid,holdout,13,0.7137738600871695,0.5262212836588696,0.725411113547945,0.5950847245039369,0.879188398649692,0.522696505486693,-0.3137723453006203,0.8328644317380289,0.3723140953507963,89,15,122,35.0
md_core89,MD + energetics + ligand-PCA + residue forces,structure_disjoint,1,cv_r2,nusvr,train,84,0.9049445195287977,0.19380949926124297,0.44023800297253185,0.39704408030819816,0.958657752332394,0.8174900913303071,,,0.5725056286735267,89,19,122,27.6
md_core89,MD + energetics + ligand-PCA + residue forces,structure_disjoint,1,cv_r2,nusvr,cv,84,0.6717597177860652,0.669252150616657,0.8180783279226121,0.6294838866915036,0.8221999838924527,0.6655630322831149,,,0.5725056286735267,89,19,122,27.6
md_core89,MD + energetics + ligand-PCA + residue forces,structure_disjoint,1,cv_r2,nusvr,test,25,0.7983776534973911,0.22962692781988264,0.4791940398417771,0.39396638483247753,0.9005899645436051,0.5892307692307692,0.09812489252195829,0.9298368594585142,0.5725056286735267,89,19,122,27.6
md_core89,MD + energetics + ligand-PCA + residue forces,structure_disjoint,1,cv_r2,nusvr,holdout,13,0.8435167302973716,0.17145861131484474,0.4140756106254566,0.3284258535004491,0.9200949957765959,0.48143099189563826,-0.8542065325327225,0.9455500292031656,0.5725056286735267,89,19,122,27.6
md_core89,MD + energetics + ligand-PCA + residue forces,structure_disjoint,1,cv_r2,dnn,train,84,0.1423296159831834,1.7487120872305317,1.3223887806657055,1.1494789093305975,0.924484475539758,0.8104328997171187,,,0.5153280208001201,89,19,122,27.6
md_core89,MD + energetics + ligand-PCA + residue forces,structure_disjoint,1,cv_r2,dnn,cv,84,-5.217032136979221,12.675964388229431,3.56033206151188,3.05035850002161,0.589067172749175,0.46882230023739724,,,0.5153280208001201,89,19,122,27.6
md_core89,MD + energetics + ligand-PCA + residue forces,structure_disjoint,1,cv_r2,dnn,test,25,-0.11112251683743124,1.2654532317407274,1.124923655961029,0.9530466353264014,0.864270210468769,0.6361538461538461,-4.548567177347278,0.5351671635326839,0.5153280208001201,89,19,122,27.6
md_core89,MD + energetics + ligand-PCA + residue forces,structure_disjoint,1,cv_r2,dnn,holdout,13,-0.21790413226046668,1.3344567226184636,1.1551868777901104,1.004419010012423,0.9331338409742937,0.47867995765623467,-16.790871104525696,0.5574484066801529,0.5153280208001201,89,19,122,27.6
md_core89,MD + energetics + ligand-PCA + residue forces,structure_disjoint,1,cv_r2,hybrid,train,84,0.8941941505839861,0.2157285260415954,0.46446585024261516,0.3910446943853071,0.9628080664350152,0.8468731186781879,,,0.5189769472474748,89,19,122,27.6
md_core89,MD + energetics + ligand-PCA + residue forces,structure_disjoint,1,cv_r2,hybrid,cv,84,0.6396271294468217,0.7347675825004942,0.8571858506184609,0.6375116982262483,0.8010272231822368,0.645849471205815,,,0.5189769472474748,89,19,122,27.6
md_core89,MD + energetics + ligand-PCA + residue forces,structure_disjoint,1,cv_r2,hybrid,test,25,0.7493018990644389,0.2855191189205153,0.534339890819051,0.43750753816345606,0.9030437403911148,0.6076923076923076,-0.16135401481117767,0.914169594131819,0.5189769472474748,89,19,122,27.6
md_core89,MD + energetics + ligand-PCA + residue forces,structure_disjoint,1,cv_r2,hybrid,holdout,13,0.809903984683693,0.2082880736359767,0.45638588238022515,0.36495781827921664,0.9261299651147519,0.48143099189563826,-1.5380780489020502,0.9349578977514915,0.5189769472474748,89,19,122,27.6
alphafold16,AlphaFold pLDDT/PAE block only,random,1,cv_r2,nusvr,train,84,0.4496659891980177,0.9540761004188705,0.9767681917522041,0.6341111114167207,0.6915237445437332,0.7190975319254898,,,0.2299397494068965,16,15,122,20.8
alphafold16,AlphaFold pLDDT/PAE block only,random,1,cv_r2,nusvr,cv,84,0.3884531235238321,1.0601966218323742,1.0296584976740464,0.6858711436793461,0.6296942840589047,0.5753491638115641,,,0.2299397494068965,16,15,122,20.8
alphafold16,AlphaFold pLDDT/PAE block only,random,1,cv_r2,nusvr,test,25,0.2817926258365072,1.4140069230656507,1.1891202307023672,0.7147406032963545,0.6150095310776078,0.3408517909397891,-0.5544645131090103,0.41462738718635805,0.2299397494068965,16,15,122,20.8
alphafold16,AlphaFold pLDDT/PAE block only,random,1,cv_r2,nusvr,holdout,13,0.4532150914152274,1.0052535962243145,1.0026233571108916,0.6888979974699635,0.745691412355454,0.6560798513518474,-0.3802901534720023,0.8039871939819703,0.2299397494068965,16,15,122,20.8
alphafold16,AlphaFold pLDDT/PAE block only,random,1,cv_r2,dnn,train,84,-2.165580179101246,5.487947925367995,2.3426369597886896,2.1201009363383454,0.6784012679497007,0.6834820046045549,,,-0.4087714681304908,16,15,122,20.8
alphafold16,AlphaFold pLDDT/PAE block only,random,1,cv_r2,dnn,cv,84,-1.8776696116784244,4.988817241011678,2.2335660368593713,1.8620120816061945,0.4603817363558939,0.47349158636244953,,,-0.4087714681304908,16,15,122,20.8
alphafold16,AlphaFold pLDDT/PAE block only,random,1,cv_r2,dnn,test,25,-3.3686677627749697,8.60103458048222,2.9327520489264383,2.589617507061665,0.3270752432598035,0.262153974322056,-26.510772635704907,-1.849613965870557,-0.4087714681304908,16,15,122,20.8
alphafold16,AlphaFold pLDDT/PAE block only,random,1,cv_r2,dnn,holdout,13,-2.8019485282627867,6.989809650357903,2.6438248146119485,2.4658228254420727,0.7242443362815343,0.6471988484576141,-18.928559169984855,-1.3826306616944732,-0.4087714681304908,16,15,122,20.8
alphafold16,AlphaFold pLDDT/PAE block only,random,1,cv_r2,hybrid,train,84,0.46726623545648205,0.9235637679315195,0.9610222515277779,0.6363715299617805,0.6915323787812618,0.7368855333541241,,,0.16282556792360928,16,15,122,20.8
alphafold16,AlphaFold pLDDT/PAE block only,random,1,cv_r2,hybrid,cv,84,0.23323719760989192,1.3292837623910199,1.152945689263384,0.7934701093898353,0.5162646764945508,0.5342854174625089,,,0.16282556792360928,16,15,122,20.8
alphafold16,AlphaFold pLDDT/PAE block only,random,1,cv_r2,hybrid,test,25,0.3116517530339994,1.355220263261263,1.164139280009597,0.7108253817761374,0.615289795483607,0.34502331574908895,-0.6755405110367674,0.45069327390967545,0.16282556792360928,16,15,122,20.8
alphafold16,AlphaFold pLDDT/PAE block only,random,1,cv_r2,hybrid,holdout,13,0.49185603581624104,0.9342129590180659,0.9665469254092457,0.6613899958180396,0.7457112004362415,0.6529774096045571,-0.46698905031771104,0.8424163236847604,0.16282556792360928,16,15,122,20.8
alphafold16,AlphaFold pLDDT/PAE block only,structure_disjoint,1,cv_r2,nusvr,train,84,0.45261135088340976,1.1160757850118388,1.0564448802525566,0.6846493433075798,0.6798969583441978,0.6304346351784287,,,0.3925371901813694,16,15,122,18.5
alphafold16,AlphaFold pLDDT/PAE block only,structure_disjoint,1,cv_r2,nusvr,cv,84,0.3892121281741684,1.2453410472136601,1.1159484966671447,0.7519538942048888,0.6342964824363334,0.5065717712140357,,,0.3925371901813694,16,15,122,18.5
alphafold16,AlphaFold pLDDT/PAE block only,structure_disjoint,1,cv_r2,nusvr,test,25,0.5046171557815539,0.56418964755519,0.7511255870726212,0.5198884414457027,0.7404174460069647,0.6573948517442233,-0.4170539501554951,0.6609292300766683,0.3925371901813694,16,15,122,18.5
alphafold16,AlphaFold pLDDT/PAE block only,structure_disjoint,1,cv_r2,nusvr,holdout,13,0.7159539442942104,0.31122906847054244,0.557879080509874,0.3632021303189528,0.8923831730684768,0.6996012198632956,0.13912260241334626,0.85465439613349,0.3925371901813694,16,15,122,18.5
alphafold16,AlphaFold pLDDT/PAE block only,structure_disjoint,1,cv_r2,dnn,train,84,-0.8361034264565206,3.7436482768734125,1.9348509701972947,1.6721017600631725,0.6688399064493898,0.6346755768524339,,,0.3232125245505045,16,15,122,18.5
alphafold16,AlphaFold pLDDT/PAE block only,structure_disjoint,1,cv_r2,dnn,cv,84,-3.5146750573306456,9.205012776233973,3.033976396782607,2.6693096517842783,0.46593051276327063,0.3984789906274634,,,0.3232125245505045,16,15,122,18.5
alphafold16,AlphaFold pLDDT/PAE block only,structure_disjoint,1,cv_r2,dnn,test,25,-1.0040451781909163,2.282399473385133,1.5107612231537892,1.3233038267777784,0.7357359440855706,0.6676601070849091,-6.123319249050232,-0.37307898164754777,0.3232125245505045,16,15,122,18.5
alphafold16,AlphaFold pLDDT/PAE block only,structure_disjoint,1,cv_r2,dnn,holdout,13,-1.741855972478605,3.0042497089936404,1.7332771587353364,1.6618155871139104,0.8869187290897016,0.6965528340340524,-31.470620134251128,-0.8727793272813623,0.3232125245505045,16,15,122,18.5
alphafold16,AlphaFold pLDDT/PAE block only,structure_disjoint,1,cv_r2,hybrid,train,84,0.42808707045358096,1.1660785674530614,1.0798511783820313,0.7875258157614721,0.6784048570761705,0.6385266812776516,,,0.2596626322684145,16,15,122,18.5
alphafold16,AlphaFold pLDDT/PAE block only,structure_disjoint,1,cv_r2,hybrid,cv,84,0.3226448466421288,1.3810656938826689,1.1751875143493777,0.8624970001833893,0.5758346413111443,0.5051622048890417,,,0.2596626322684145,16,15,122,18.5
alphafold16,AlphaFold pLDDT/PAE block only,structure_disjoint,1,cv_r2,hybrid,test,25,0.2978822446118097,0.7996392559368206,0.8942255061989792,0.7255386012679118,0.7394783606421014,0.6676601070849091,-1.8394321928998425,0.5760853486351392,0.2596626322684145,16,15,122,18.5
alphafold16,AlphaFold pLDDT/PAE block only,structure_disjoint,1,cv_r2,hybrid,holdout,13,0.7293375030257405,0.2965647123453186,0.5445775540226742,0.4603659761872375,0.8913055336278114,0.6965528340340524,-1.0424905819447834,0.8438570555196226,0.2596626322684145,16,15,122,18.5
