Descriptor set,Split,Model,R2 train,R2 CV,R2 test,R2 test 95% CI,R2 holdout,RMSE test,MAE test,W_new
MD + AlphaFold + MACCS (272),Random,DNN,0.0847,-7.8412,-0.3218,"[-12.30, 0.31]",0.1636,1.6132,1.4413,0.5256
MD + AlphaFold + MACCS (272),Random,Hybrid,0.8704,0.6252,0.6217,"[-1.59, 0.79]",0.8356,0.8631,0.6722,0.3601
MD + AlphaFold + MACCS (272),Structure-disjoint,DNN,0.1004,-3.3932,-0.2247,"[-3.74, 0.39]",-0.4829,1.181,1.0436,0.3503
MD + AlphaFold + MACCS (272),Random,Nu-SVR,0.8264,0.6604,0.5751,"[-0.94, 0.71]",0.8144,0.9147,0.6693,0.3786
MD + AlphaFold + MACCS (272),Structure-disjoint,Nu-SVR,0.633,0.5722,0.6267,"[-0.85, 0.87]",0.6849,0.652,0.491,0.5084
MD + AlphaFold + MACCS (272),Structure-disjoint,Hybrid,0.7053,0.4536,0.5658,"[-1.33, 0.89]",0.5747,0.7032,0.5061,0.377
"MD + AlphaFold + MACCS, outliers removed (272)",Random,Hybrid,0.8601,0.484,0.5668,"[0.20, 0.76]",0.447,1.0359,0.7739,0.2311
"MD + AlphaFold + MACCS, outliers removed (272)",Random,DNN,-0.1952,-6.0314,-0.3314,"[-1.97, 0.15]",-1.0124,1.816,1.5797,0.4094
"MD + AlphaFold + MACCS, outliers removed (272)",Structure-disjoint,DNN,0.1458,-12.2071,-1.8245,"[-5.35, -0.70]",0.1858,1.5503,1.4408,0.6864
"MD + AlphaFold + MACCS, outliers removed (272)",Random,Nu-SVR,0.8578,0.6298,0.6515,"[0.38, 0.87]",0.6204,0.9291,0.6416,0.3559
"MD + AlphaFold + MACCS, outliers removed (272)",Structure-disjoint,Nu-SVR,0.8351,0.6527,0.4549,"[0.01, 0.67]",0.5939,0.681,0.5507,0.442
"MD + AlphaFold + MACCS, outliers removed (272)",Structure-disjoint,Hybrid,0.8413,0.5963,0.4129,"[-0.04, 0.64]",0.6038,0.7068,0.5729,0.3867
MD + energetics + ligand-PCA + residue forces (89),Random,Hybrid,0.8117,0.5865,0.6354,"[-0.35, 0.72]",0.7138,0.8472,0.6033,0.3723
MD + energetics + ligand-PCA + residue forces (89),Random,DNN,-0.3826,-4.04,-0.6847,"[-11.69, 0.13]",-0.2718,1.8212,1.6227,0.3012
MD + energetics + ligand-PCA + residue forces (89),Structure-disjoint,DNN,0.1423,-5.217,-0.1111,"[-4.55, 0.54]",-0.2179,1.1249,0.953,0.5153
MD + energetics + ligand-PCA + residue forces (89),Random,Nu-SVR,0.8134,0.7088,0.6445,"[-0.34, 0.73]",0.7149,0.8366,0.5967,0.4516
MD + energetics + ligand-PCA + residue forces (89),Structure-disjoint,Nu-SVR,0.9049,0.6718,0.7984,"[0.10, 0.93]",0.8435,0.4792,0.394,0.5725
MD + energetics + ligand-PCA + residue forces (89),Structure-disjoint,Hybrid,0.8942,0.6396,0.7493,"[-0.16, 0.91]",0.8099,0.5343,0.4375,0.519
MACCS fingerprints only (167),Structure-disjoint,DNN,-10.936,-4.5916,-18.2048,"[-71.49, -8.96]",-17.3018,4.6768,4.5916,0.4408
MACCS fingerprints only (167),Random,Nu-SVR,0.6535,0.4391,0.3925,"[-1.29, 0.57]",0.6246,1.0937,0.7294,0.2414
MACCS fingerprints only (167),Structure-disjoint,Nu-SVR,0.8714,0.3772,0.5773,"[-0.18, 0.83]",0.2244,0.6939,0.5372,0.2652
MACCS fingerprints only (167),Structure-disjoint,Hybrid,0.8557,0.2417,0.4732,"[-0.92, 0.78]",0.075,0.7746,0.6665,0.1554
MACCS fingerprints only (167),Random,DNN,-1.6032,-7.3431,-1.3202,"[-17.08, -0.42]",-1.5308,2.1373,1.8841,0.4567
MACCS fingerprints only (167),Random,Hybrid,0.6954,0.4215,0.4167,"[-1.81, 0.63]",0.626,1.0717,0.7381,0.2281
AlphaFold pLDDT/PAE only (16),Random,DNN,-2.1656,-1.8777,-3.3687,"[-26.51, -1.85]",-2.8019,2.9328,2.5896,-0.4088
AlphaFold pLDDT/PAE only (16),Random,Hybrid,0.4673,0.2332,0.3117,"[-0.68, 0.45]",0.4919,1.1641,0.7108,0.1628
AlphaFold pLDDT/PAE only (16),Random,Nu-SVR,0.4497,0.3885,0.2818,"[-0.55, 0.41]",0.4532,1.1891,0.7147,0.2299
AlphaFold pLDDT/PAE only (16),Structure-disjoint,DNN,-0.8361,-3.5147,-1.004,"[-6.12, -0.37]",-1.7419,1.5108,1.3233,0.3232
AlphaFold pLDDT/PAE only (16),Structure-disjoint,Hybrid,0.4281,0.3226,0.2979,"[-1.84, 0.58]",0.7293,0.8942,0.7255,0.2597
AlphaFold pLDDT/PAE only (16),Structure-disjoint,Nu-SVR,0.4526,0.3892,0.5046,"[-0.42, 0.66]",0.716,0.7511,0.5199,0.3925
PaDEL 2D/3D descriptors (1444),Random,Hybrid,0.7217,-4.5627,0.5017,"[-0.72, 0.62]",0.6885,0.9905,0.6818,0.4618
PaDEL 2D/3D descriptors (1444),Random,DNN,-16.1537,-383.6326,-13.5731,"[-131.90, -7.99]",-14.3835,5.3565,5.2191,0.9128
PaDEL 2D/3D descriptors (1444),Structure-disjoint,Nu-SVR,0.6904,0.4852,0.5497,"[-0.25, 0.82]",0.6597,0.7161,0.569,0.3876
PaDEL 2D/3D descriptors (1444),Structure-disjoint,Hybrid,0.7268,0.2263,0.5595,"[-0.31, 0.84]",0.5626,0.7083,0.5549,0.2219
PaDEL 2D/3D descriptors (1444),Structure-disjoint,DNN,-0.1356,-5.1437,-1.6141,"[-7.54, 0.01]",-0.7664,1.7255,1.4705,0.4269
PaDEL 2D/3D descriptors (1444),Random,Nu-SVR,0.6828,0.4539,0.4845,"[-0.24, 0.60]",0.6935,1.0074,0.6247,0.2776
MD block + PaDEL block (1549),Random,Nu-SVR,0.7317,0.4959,0.5094,"[-0.25, 0.64]",0.7372,0.9828,0.604,0.2961
MD block + PaDEL block (1549),Structure-disjoint,DNN,0.5364,-17.9442,0.2736,"[-0.96, 0.67]",0.5272,0.9095,0.685,0.8639
MD block + PaDEL block (1549),Random,Hybrid,0.7561,0.3458,0.5345,"[-0.41, 0.68]",0.7564,0.9573,0.6161,0.2156
MD block + PaDEL block (1549),Random,DNN,-0.5429,-15.4156,-0.5398,"[-13.38, 0.13]",-0.3999,1.7411,1.5649,0.6947
MD block + PaDEL block (1549),Structure-disjoint,Hybrid,0.7452,0.4555,0.6161,"[-0.19, 0.85]",0.7102,0.6612,0.5389,0.3793
MD block + PaDEL block (1549),Structure-disjoint,Nu-SVR,0.7115,0.5047,0.5939,"[-0.19, 0.82]",0.7686,0.6801,0.56,0.4113
Pose-derived 3D descriptors (112194),Random,Nu-SVR,0.2589,0.1166,0.0502,"[-3.06, 0.27]",0.1009,1.3675,0.9954,0.0702
Pose-derived 3D descriptors (112194),Structure-disjoint,DNN,-1.7061,-6.3666,-3.1109,"[-17.37, -0.65]",-3.1175,2.1638,1.8687,0.4535
Pose-derived 3D descriptors (112194),Structure-disjoint,Hybrid,0.5509,0.1653,-1.1203,"[-10.44, 0.38]",0.4443,1.5539,1.0975,-0.0367
Pose-derived 3D descriptors (112194),Structure-disjoint,Nu-SVR,0.5272,0.2548,-0.8872,"[-9.61, 0.53]",0.5398,1.4661,0.934,-0.0134
Pose-derived 3D descriptors (112194),Random,DNN,-3.1834,-8.5622,-3.7228,"[-34.59, -1.94]",-1.9457,3.0493,2.6856,0.4139
Pose-derived 3D descriptors (112194),Random,Hybrid,0.2195,-0.0641,0.0298,"[-2.11, 0.20]",-0.0221,1.3821,0.9413,0.0238
DFT/xTB quantum descriptors (this work),Random,Nu-SVR,0.3492,0.1149,0.0298,"[-2.92, 0.23]",0.0137,1.3821,0.9958,0.0667
DFT/xTB quantum descriptors (this work),Structure-disjoint,DNN,0.1102,-6.6641,-1.2564,"[-11.60, 0.28]",-0.1732,1.603,1.2328,0.5176
DFT/xTB quantum descriptors (this work),Random,DNN,0.1933,-7.8678,-1.0201,"[-14.29, -0.02]",-0.0449,1.9943,1.4861,0.476
DFT/xTB quantum descriptors (this work),Random,Hybrid,0.2398,0.0796,0.0598,"[-0.64, 0.29]",-0.1263,1.3605,0.8349,0.0635
DFT/xTB quantum descriptors (this work),Structure-disjoint,Hybrid,0.1612,-0.1275,-0.5741,"[-5.43, 0.05]",-0.0949,1.3389,1.1783,-0.0743
DFT/xTB quantum descriptors (this work),Structure-disjoint,Nu-SVR,0.059,-0.007,-0.1505,"[-2.08, 0.01]",0.1208,1.1447,0.9261,-0.0262
DFT quantum + MD block (this work),Random,DNN,0.1791,-7.0017,0.1669,"[-6.07, 0.53]",0.5906,1.2807,1.1325,0.5537
DFT quantum + MD block (this work),Random,Hybrid,0.7838,0.6223,0.5,"[-2.21, 0.67]",0.7182,0.9922,0.7149,0.3383
DFT quantum + MD block (this work),Structure-disjoint,Hybrid,0.6518,0.4659,0.1446,"[-4.31, 0.79]",0.5612,0.987,0.6784,0.2472
DFT quantum + MD block (this work),Structure-disjoint,Nu-SVR,0.5368,0.5359,0.3152,"[-2.19, 0.68]",0.8387,0.8831,0.6239,0.3772
DFT quantum + MD block (this work),Random,Nu-SVR,0.7578,0.6649,0.4263,"[-1.39, 0.55]",0.7257,1.0628,0.7186,0.3452
DFT quantum + MD block (this work),Structure-disjoint,DNN,-0.0976,-5.3887,-0.7206,"[-6.75, 0.31]",-0.5143,1.3999,1.2582,0.4783
